Workbook
Name _ftn1: 'Pathways emissions'!$B$14
Name _ftn2: 'Pathways emissions'!$B$15
Name _ftn3: 'Pathways emissions'!$B$16
Name _ftn4: 'Pathways emissions'!$B$17
Name _ftnref1: 'Pathways emissions'!$B$2
Name _ftnref2: 'Pathways emissions'!$D$2
Name _ftnref3: 'Pathways emissions'!$E$2
Name _ftnref4: 'Pathways emissions'!$F$2

Sheet WFH Recoverable LACW DATA 2022
A1: Council Name | B1: TotalCollected2022 | C1: total recycled collected | D1: Residual_2022 | E1: Foodwaste total | F1: Garden&OrganicWaste total | G1: PaperampCard total | H1: Plastics total | I1: Glass total | J1: Metals total | K1: Textile total | L1: WEEE total | M1: Wood Total | N1: Other Total | O1: FoodCompostedIV_2022 | P1: FoodCompostedW_2022 | Q1: FoodAD_2022 | R1: FoodEfW_2022 | S1: FoodLandfill_2022 | T1: GardenCompostedIV_2022 | U1: GardenCompostedW_2022 | V1: GardenAD_2022 | W1: GardenEfW_2022 | X1: GardenIncNoEnergy_2022 | Y1: GardenLandfill_2022 | Z1: PaperCardRecycled_2022 | AA1: PaperCardReuse_2022 | AB1: PaperCardRDF_MHT_2022 | AC1: PaperCardEfW_2022 | AD1: PaperCardLandfill_2022 | AE1: PlasticsRecycled_2022 | AF1: PlasticsReuse_2022 | AG1: PlasticsEfW_2022 | AH1: PlasticsLandfill_2022 | AI1: GlassRecycled_2022 | AJ1: GlassReuse_2022 | AK1: GlassRDF_MHT_2022 | AL1: GlassEfW_2022 | AM1: GlassLandfill_2022 | AN1: MetalsRecycled_2022 | AO1: MetalsReuse_2022 | AP1: MetalsEfW_2022 | AQ1: MetalsLandfill_2022 | AR1: TextilesRecycled_2022 | AS1: TextilesReuse_2022 | AT1: TextilesRDF_MHT_2022 | AU1: TextilesEfW_2022 | AV1: TextilesLandfill_2022 | AW1: WEEERecycled_2022 | AX1: WEEEReuse_2022 | AY1: WEEERDF_MHT_2022 | AZ1: WEEEEfW_2022 | BA1: WEEEIncNoEnergy_2022 | BB1: WEEELandfill_2022 | BC1: WoodRecycled_2022 | BD1: WoodReuse_2022 | BE1: WoodCompostedIV_2022 | BF1: WoodCompostedW_2022 | BG1: WoodRDF_MHT_2022 | BH1: WoodEfW_2022 | BI1: WoodIncNoEnergy_2022 | BJ1: WoodLandfill_2022 | BK1: OtherRecyclablesRecycled_2022 | BL1: OtherRecyclablesReuse_2022 | BM1: OtherRecyclablesRDF_MHT_2022 | BN1: OtherRecyclablesEfW_2022 | BO1: OtherRecyclablesLandfill_2022 | BP1: Council Name | BQ1: TotalCollected2022 | BR1: TotalRecCollec2022 | BS1: Residual_2022 | BT1: FoodCollected_2022 | BU1: GardenCollected_2022 | BV1: PaperCardCollected_2022 | BW1: PlasticsCollected_2022 | BX1: GlassCollected_2022 | BY1: MetalsCollected_2022 | BZ1: TextilesCollected_2022 | CA1: WEEECollected_2022 | CB1: WoodCollected_2022 | CC1: OtherRecyclablesCollected_2022 | CD1: FoodCompostedIV_2022 | CE1: FoodCompostedW_2022 | CF1: FoodAD_2022 | CG1: FoodEfW_2022 | CH1: FoodLandfill_2022 | CI1: GardenCompostedIV_2022 | CJ1: GardenCompostedW_2022 | CK1: GardenAD_2022 | CL1: GardenEfW_2022 | CM1: GardenIncNoEnergy_2022 | CN1: GardenLandfill_2022 | CO1: PaperCardRecycled_2022 | CP1: PaperCardReuse_2022 | CQ1: PaperCardRDF_MHT_2022 | CR1: PaperCardEfW_2022 | CS1: PaperCardLandfill_2022 | CT1: PlasticsRecycled_2022 | CU1: PlasticsReuse_2022 | CV1: PlasticsEfW_2022 | CW1: PlasticsLandfill_2022 | CX1: GlassRecycled_2022 | CY1: GlassReuse_2022 | CZ1: GlassRDF_MHT_2022 | DA1: GlassEfW_2022 | DB1: GlassLandfill_2022 | DC1: MetalsRecycled_2022 | DD1: MetalsReuse_2022 | DE1: MetalsEfW_2022 | DF1: MetalsLandfill_2022 | DG1: TextilesRecycled_2022 | DH1: TextilesReuse_2022 | DI1: TextilesRDF_MHT_2022 | DJ1: TextilesEfW_2022 | DK1: TextilesLandfill_2022 | DL1: WEEERecycled_2022 | DM1: WEEEReuse_2022 | DN1: WEEERDF_MHT_2022 | DO1: WEEEEfW_2022 | DP1: WEEEIncNoEnergy_2022 | DQ1: WEEELandfill_2022 | DR1: WoodRecycled_2022 | DS1: WoodReuse_2022 | DT1: WoodCompostedIV_2022 | DU1: WoodCompostedW_2022 | DV1: WoodRDF_MHT_2022 | DW1: WoodEfW_2022 | DX1: WoodIncNoEnergy_2022 | DY1: WoodLandfill_2022 | DZ1: OtherRecyclablesRecycled_2022 | EA1: OtherRecyclablesReuse_2022 | EB1: OtherRecyclablesRDF_MHT_2022 | EC1: OtherRecyclablesEfW_2022 | ED1: OtherRecyclablesLandfill_2022 | EE1: Share FoodCompostedIV_2022 | EF1: Share FoodCompostedW_2022 | EG1: Share FoodAD_2022 | EH1: Share FoodEfW_2022 | EI1: Share FoodLandfill_2022 | EJ1: Share GardenCompostedIV_2022 | EK1: Share GardenCompostedW_2022 | EL1: Share GardenAD_2022 | EM1: Share GardenEfW_2022 | EN1: Share GardenIncNoEnergy_2022 | EO1: Share GardenLandfill_2022 | EP1: Share PaperCardRecycled_2022 | EQ1: PaperCardReuse_2022 | ER1: PaperCardRDF_MHT_2022 | ES1: PaperCardEfW_2022 | ET1: PaperCardLandfill_2022 | EU1: PlasticsRecycled_2022 | EV1: PlasticsReuse_2022 | EW1: PlasticsEfW_2022 | EX1: PlasticsLandfill_2022 | EY1: GlassRecycled_2022 | EZ1: GlassReuse_2022 | FA1: GlassRDF_MHT_2022 | FB1: GlassEfW_2022 | FC1: GlassLandfill_2022 | FD1: MetalsRecycled_2022 | FE1: MetalsReuse_2022 | FF1: MetalsEfW_2022 | FG1: MetalsLandfill_2022 | FH1: TextilesRecycled_2022 | FI1: TextilesReuse_2022 | FJ1: TextilesRDF_MHT_2022 | FK1: TextilesEfW_2022 | FL1: TextilesLandfill_2022 | FM1: WEEERecycled_2022 | FN1: WEEEReuse_2022 | FO1: WEEERDF_MHT_2022 | FP1: WEEEEfW_2022 | FQ1: WEEEIncNoEnergy_2022 | FR1: WEEELandfill_2022 | FS1: WoodRecycled_2022 | FT1: WoodReuse_2022 | FU1: WoodCompostedIV_2022 | FV1: WoodCompostedW_2022 | FW1: WoodRDF_MHT_2022 | FX1: WoodEfW_2022 | FY1: WoodIncNoEnergy_2022 | FZ1: WoodLandfill_2022 | GA1: OtherRecyclablesRecycled_2022 | GB1: OtherRecyclablesReuse_2022 | GC1: OtherRecyclablesRDF_MHT_2022 | GD1: OtherRecyclablesEfW_2022 | GE1: OtherRecyclablesLandfill_2022
A2: Adur | B2: 12925.573 | C2: =B2-D2 -> 9816.7109 | D2: 3108.8621 | E2: 11.4 | F2: 2200.2 | G2: 2937.2981 | H2: 465.73312 | I2: 2014.3283 | J2: 408.93985 | K2: 29.183 | L2: 26.676337 | M2: 0 | N2: 1722.9522 | O2: =EE2*E2 -> 0 | P2: =EF2*E2 -> 0 | Q2: =EG2*E2 -> 2.1037406 | R2: =EH2*E2 -> 0 | S2: =EI2*E2 -> 0 | T2: =EJ2*F2 -> 0 | U2: =EK2*F2 -> 2200.2 | V2: =EL2*F2 -> 0 | W2: =EM2*F2 -> 0 | X2: =EN2*F2 -> 0 | Y2: =EO2*F2 -> 0 | Z2: =EP2*G2 -> 2937.2981 | AA2: =EQ2*G2 -> 0 | AB2: =ER2*G2 -> 0 | AC2: =ES2*G2 -> 0 | AD2: =ET2*G2 -> 0 | AE2: =EU2*H2 -> 464.83542 | AF2: =EV2*H2 -> 0 | AG2: =EW2*H2 -> 0 | AH2: =EX2*H2 -> 0.89769894 | AI2: =EY2*I2 -> 2014.3283 | AJ2: =EZ2*I2 -> 0 | AK2: =FA2*I2 -> 0 | AL2: =FB2*I2 -> 0 | AM2: =FC2*I2 -> 0 | AN2: =FD2*J2 -> 408.93985 | AO2: =FE2*J2 -> 0 | AP2: =FF2*J2 -> 0 | AQ2: =FG2*J2 -> 0 | AR2: =FH2*K2 -> 29.183 | AS2: =FI2*K2 -> 0 | AT2: =FJ2*K2 -> 0 | AU2: =FK2*K2 -> 0 | AV2: =FL2*K2 -> 0 | AW2: =FM2*L2 -> 26.676337 | AX2: =FN2*L2 -> 0 | AY2: =FO2*L2 -> 0 | AZ2: =FP2*L2 -> 0 | BA2: =FQ2*L2 -> 0 | BB2: =FR2*L2 -> 0 | BC2: =FS2*M2 -> 0 | BD2: =FT2*M2 -> 0 | BE2: =FU2*M2 -> 0 | BF2: =FV2*M2 -> 0 | BG2: =FW2*M2 -> 0 | BH2: =FX2*M2 -> 0 | BI2: =FY2*M2 -> 0 | BJ2: =FZ2*M2 -> 0 | BK2: =GA2*N2 -> 1722.9522 | BL2: =GB2*N2 -> 0 | BM2: =GC2*N2 -> 0 | BN2: =GD2*N2 -> 0 | BO2: =GE2*N2 -> 0 | BP2: Adur | BQ2: 18530.588 | BR2: =BZ2+CX2+EC2+FA2+FU2+GS2+HM2+IK2+JM2+KW2 -> 1619.888 | BS2: 6392.15 | BT2: 12.03 | BU2: 2200.2 | BV2: 7320.89 | BW2: 404.67 | BX2: 1580.9 | BY2: 303.91 | BZ2: 38.988 | CA2: 55.04 | CB2: 0 | CC2: 221.81 | CD2: 0 | CE2: 0 | CF2: 2.22 | CG2: 0 | CH2: 0 | CI2: 0 | CJ2: 2200.2 | CK2: 0 | CL2: 0 | CM2: 0 | CN2: 0 | CO2: 7320.89 | CP2: 0 | CQ2: 0 | CR2: 0 | CS2: 0 | CT2: 403.89 | CU2: 0 | CV2: 0 | CW2: 0.78 | CX2: 1580.9 | CY2: 0 | CZ2: 0 | DA2: 0 | DB2: 0 | DC2: 303.91 | DD2: 0 | DE2: 0 | DF2: 0 | DG2: 38.988 | DH2: 0 | DI2: 0 | DJ2: 0 | DK2: 0 | DL2: 55.04 | DM2: 0 | DN2: 0 | DO2: 0 | DP2: 0 | DQ2: 0 | DR2: 0 | DS2: 0 | DT2: 0 | DU2: 0 | DV2: 0 | DW2: 0 | DX2: 0 | DY2: 0 | DZ2: 221.81 | EA2: 0 | EB2: 0 | EC2: 0 | ED2: 0 | EE2: =CD2/BT2 -> 0 | EF2: =CE2/BT2 -> 0 | EG2: =CF2/BT2 -> 0.18453865 | EH2: =CG2/BT2 -> 0 | EI2: =CH2/BT2 -> 0 | EJ2: =CI2/BU2 -> 0 | EK2: =CJ2/BU2 -> 1 | EL2: =CK2/BU2 -> 0 | EM2: =CL2/BU2 -> 0 | EN2: =CM2/BU2 -> 0 | EO2: =CN2/BU2 -> 0 | EP2: =CO2/BV2 -> 1 | EQ2: =CP2/BV2 -> 0 | ER2: =CQ2/BV2 -> 0 | ES2: =CR2/BV2 -> 0 | ET2: =CS2/BV2 -> 0 | EU2: =CT2/BW2 -> 0.9980725 | EV2: =CU2/BW2 -> 0 | EW2: =CV2/BW2 -> 0 | EX2: =CW2/BW2 -> 0.0019274965 | EY2: =CX2/BX2 -> 1 | EZ2: =CY2/BX2 -> 0 | FA2: =CZ2/BX2 -> 0 | FB2: =DA2/BX2 -> 0 | FC2: =DB2/BX2 -> 0 | FD2: =DC2/BY2 -> 1 | FE2: =DD2/BY2 -> 0 | FF2: =DE2/BY2 -> 0 | FG2: =DF2/BY2 -> 0 | FH2: =DG2/BZ2 -> 1 | FI2: =DH2/BZ2 -> 0 | FJ2: =DI2/BZ2 -> 0 | FK2: =DJ2/BZ2 -> 0 | FL2: =DK2/BZ2 -> 0 | FM2: =DL2/CA2 -> 1 | FN2: =DM2/CA2 -> 0 | FO2: =DN2/CA2 -> 0 | FP2: =DO2/CA2 -> 0 | FQ2: =DP2/CA2 -> 0 | FR2: =DQ2/CA2 -> 0 | FS2: 0 | FT2: 0 | FU2: 0 | FV2: 0 | FW2: 0 | FX2: 0 | FY2: 0 | FZ2: 0 | GA2: =DZ2/CC2 -> 1 | GB2: =EA2/CC2 -> 0 | GC2: =EB2/CC2 -> 0 | GD2: =EC2/CC2 -> 0 | GE2: =ED2/CC2 -> 0
A3: Amber Valley | B3: 38268.119 | C3: =B3-D3 -> 17299.705 | D3: 20968.414 | E3: 0 | F3: 4805.94 | G3: 6927.017 | H3: 1115.6215 | I3: 3606.579 | J3: 796.11788 | K3: 0 | L3: 48.43 | M3: 0 | N3: 0 | O3: =EE3*E3 -> 0 | P3: =EF3*E3 -> 0 | Q3: =EG3*E3 -> 0 | R3: =EH3*E3 -> 0 | S3: =EI3*E3 -> 0 | T3: =EJ3*F3 -> 0 | U3: =EK3*F3 -> 4805.94 | V3: =EL3*F3 -> 0 | W3: =EM3*F3 -> 0 | X3: =EN3*F3 -> 0 | Y3: =EO3*F3 -> 0 | Z3: =EP3*G3 -> 6927.017 | AA3: =EQ3*G3 -> 0 | AB3: =ER3*G3 -> 0 | AC3: =ES3*G3 -> 0 | AD3: =ET3*G3 -> 0 | AE3: =EU3*H3 -> 1115.6215 | AF3: =EV3*H3 -> 0 | AG3: =EW3*H3 -> 0 | AH3: =EX3*H3 -> 0 | AI3: =EY3*I3 -> 3606.579 | AJ3: =EZ3*I3 -> 0 | AK3: =FA3*I3 -> 0 | AL3: =FB3*I3 -> 0 | AM3: =FC3*I3 -> 0 | AN3: =FD3*J3 -> 796.08979 | AO3: =FE3*J3 -> 0.028082131 | AP3: =FF3*J3 -> 0 | AQ3: =FG3*J3 -> 0 | AR3: =FH3*K3 -> 0 | AS3: =FI3*K3 -> 0 | AT3: =FJ3*K3 -> 0 | AU3: =FK3*K3 -> 0 | AV3: =FL3*K3 -> 0 | AW3: =FM3*L3 -> 48.43 | AX3: =FN3*L3 -> 0 | AY3: =FO3*L3 -> 0 | AZ3: =FP3*L3 -> 0 | BA3: =FQ3*L3 -> 0 | BB3: =FR3*L3 -> 0 | BC3: =FS3*M3 -> 0 | BD3: =FT3*M3 -> 0 | BE3: =FU3*M3 -> 0 | BF3: =FV3*M3 -> 0 | BG3: =FW3*M3 -> 0 | BH3: =FX3*M3 -> 0 | BI3: =FY3*M3 -> 0 | BJ3: =FZ3*M3 -> 0 | BK3: =GA3*N3 -> 0 | BL3: =GB3*N3 -> 0 | BM3: =GC3*N3 -> 0 | BN3: =GD3*N3 -> 0 | BO3: =GE3*N3 -> 0 | BP3: Amber Valley | BQ3: 34238.65 | BR3: =BZ3+CX3+EC3+FA3+FU3+GS3+HM3+IK3+JM3+KW3 -> 3606.57 | BS3: 12819.62 | BT3: 0 | BU3: 4805.94 | BV3: 8955.04 | BW3: 1735.08 | BX3: 3606.57 | BY3: 2267.97 | BZ3: 0 | CA3: 48.43 | CB3: 0 | CC3: 0 | CD3: 0 | CE3: 0 | CF3: 0 | CG3: 0 | CH3: 0 | CI3: 0 | CJ3: 4805.94 | CK3: 0 | CL3: 0 | CM3: 0 | CN3: 0 | CO3: 8955.04 | CP3: 0 | CQ3: 0 | CR3: 0 | CS3: 0 | CT3: 1735.08 | CU3: 0 | CV3: 0 | CW3: 0 | CX3: 3606.57 | CY3: 0 | CZ3: 0 | DA3: 0 | DB3: 0 | DC3: 2267.89 | DD3: 0.08 | DE3: 0 | DF3: 0 | DG3: 0 | DH3: 0 | DI3: 0 | DJ3: 0 | DK3: 0 | DL3: 48.43 | DM3: 0 | DN3: 0 | DO3: 0 | DP3: 0 | DQ3: 0 | DR3: 0 | DS3: 0 | DT3: 0 | DU3: 0 | DV3: 0 | DW3: 0 | DX3: 0 | DY3: 0 | DZ3: 0 | EA3: 0 | EB3: 0 | EC3: 0 | ED3: 0 | EE3: 0 | EF3: 0 | EG3: 0 | EH3: 0 | EI3: 0 | EJ3: =CI3/BU3 -> 0 | EK3: =CJ3/BU3 -> 1 | EL3: =CK3/BU3 -> 0 | EM3: =CL3/BU3 -> 0 | EN3: =CM3/BU3 -> 0 | EO3: =CN3/BU3 -> 0 | EP3: =CO3/BV3 -> 1 | EQ3: =CP3/BV3 -> 0 | ER3: =CQ3/BV3 -> 0 | ES3: =CR3/BV3 -> 0 | ET3: =CS3/BV3 -> 0 | EU3: =CT3/BW3 -> 1 | EV3: =CU3/BW3 -> 0 | EW3: =CV3/BW3 -> 0 | EX3: =CW3/BW3 -> 0 | EY3: =CX3/BX3 -> 1 | EZ3: =CY3/BX3 -> 0 | FA3: =CZ3/BX3 -> 0 | FB3: =DA3/BX3 -> 0 | FC3: =DB3/BX3 -> 0 | FD3: =DC3/BY3 -> 0.99996473 | FE3: =DD3/BY3 -> 3.5273835e-05 | FF3: =DE3/BY3 -> 0 | FG3: =DF3/BY3 -> 0 | FH3: 0 | FI3: 0 | FJ3: 0 | FK3: 0 | FL3: 0 | FM3: =DL3/CA3 -> 1 | FN3: =DM3/CA3 -> 0 | FO3: =DN3/CA3 -> 0 | FP3: =DO3/CA3 -> 0 | FQ3: =DP3/CA3 -> 0 | FR3: =DQ3/CA3 -> 0 | FS3: 0 | FT3: 0 | FU3: 0 | FV3: 0 | FW3: 0 | FX3: 0 | FY3: 0 | FZ3: 0 | GA3: 0 | GB3: 0 | GC3: 0 | GD3: 0 | GE3: 0
A4: Arun | B4: 43694.056 | C4: =B4-D4 -> 31914.098 | D4: 11779.958 | E4: 127.9 | F4: 10715.78 | G4: 7281.4886 | H4: 1406.1779 | I4: 6030.0344 | J4: 1144.4683 | K4: 165.176 | L4: 71.074015 | M4: 0 | N4: 4971.9986 | O4: =EE4*E4 -> 0 | P4: =EF4*E4 -> 0 | Q4: =EG4*E4 -> 127.9 | R4: =EH4*E4 -> 0 | S4: =EI4*E4 -> 0 | T4: =EJ4*F4 -> 0 | U4: =EK4*F4 -> 10715.78 | V4: =EL4*F4 -> 0 | W4: =EM4*F4 -> 0 | X4: =EN4*F4 -> 0 | Y4: =EO4*F4 -> 0 | Z4: =EP4*G4 -> 7281.4886 | AA4: =EQ4*G4 -> 0 | AB4: =ER4*G4 -> 0 | AC4: =ES4*G4 -> 0 | AD4: =ET4*G4 -> 0 | AE4: =EU4*H4 -> 1397.1956 | AF4: =EV4*H4 -> 0 | AG4: =EW4*H4 -> 0 | AH4: =EX4*H4 -> 8.982216 | AI4: =EY4*I4 -> 6030.0344 | AJ4: =EZ4*I4 -> 0 | AK4: =FA4*I4 -> 0 | AL4: =FB4*I4 -> 0 | AM4: =FC4*I4 -> 0 | AN4: =FD4*J4 -> 1144.4683 | AO4: =FE4*J4 -> 0 | AP4: =FF4*J4 -> 0 | AQ4: =FG4*J4 -> 0 | AR4: =FH4*K4 -> 165.176 | AS4: =FI4*K4 -> 0 | AT4: =FJ4*K4 -> 0 | AU4: =FK4*K4 -> 0 | AV4: =FL4*K4 -> 0 | AW4: =FM4*L4 -> 71.074015 | AX4: =FN4*L4 -> 0 | AY4: =FO4*L4 -> 0 | AZ4: =FP4*L4 -> 0 | BA4: =FQ4*L4 -> 0 | BB4: =FR4*L4 -> 0 | BC4: =FS4*M4 -> 0 | BD4: =FT4*M4 -> 0 | BE4: =FU4*M4 -> 0 | BF4: =FV4*M4 -> 0 | BG4: =FW4*M4 -> 0 | BH4: =FX4*M4 -> 0 | BI4: =FY4*M4 -> 0 | BJ4: =FZ4*M4 -> 0 | BK4: =GA4*N4 -> 4971.9986 | BL4: =GB4*N4 -> 0 | BM4: =GC4*N4 -> 0 | BN4: =GD4*N4 -> 0 | BO4: =GE4*N4 -> 0 | BP4: Arun | BQ4: 59202.552 | BR4: =BZ4+CX4+EC4+FA4+FU4+GS4+HM4+IK4+JM4+KW4 -> 5041.742 | BS4: 18923.55 | BT4: 134.53 | BU4: 10715.78 | BV4: 21585.74 | BW4: 1235.19 | BX4: 4731.31 | BY4: 830.43 | BZ4: 310.432 | CA4: 144.37 | CB4: 0 | CC4: 591.22 | CD4: 0 | CE4: 0 | CF4: 134.53 | CG4: 0 | CH4: 0 | CI4: 0 | CJ4: 10715.78 | CK4: 0 | CL4: 0 | CM4: 0 | CN4: 0 | CO4: 21585.74 | CP4: 0 | CQ4: 0 | CR4: 0 | CS4: 0 | CT4: 1227.3 | CU4: 0 | CV4: 0 | CW4: 7.89 | CX4: 4731.31 | CY4: 0 | CZ4: 0 | DA4: 0 | DB4: 0 | DC4: 830.43 | DD4: 0 | DE4: 0 | DF4: 0 | DG4: 310.432 | DH4: 0 | DI4: 0 | DJ4: 0 | DK4: 0 | DL4: 144.37 | DM4: 0 | DN4: 0 | DO4: 0 | DP4: 0 | DQ4: 0 | DR4: 0 | DS4: 0 | DT4: 0 | DU4: 0 | DV4: 0 | DW4: 0 | DX4: 0 | DY4: 0 | DZ4: 591.22 | EA4: 0 | EB4: 0 | EC4: 0 | ED4: 0 | EE4: =CD4/BT4 -> 0 | EF4: =CE4/BT4 -> 0 | EG4: =CF4/BT4 -> 1 | EH4: =CG4/BT4 -> 0 | EI4: =CH4/BT4 -> 0 | EJ4: =CI4/BU4 -> 0 | EK4: =CJ4/BU4 -> 1 | EL4: =CK4/BU4 -> 0 | EM4: =CL4/BU4 -> 0 | EN4: =CM4/BU4 -> 0 | EO4: =CN4/BU4 -> 0 | EP4: =CO4/BV4 -> 1 | EQ4: =CP4/BV4 -> 0 | ER4: =CQ4/BV4 -> 0 | ES4: =CR4/BV4 -> 0 | ET4: =CS4/BV4 -> 0 | EU4: =CT4/BW4 -> 0.99361232 | EV4: =CU4/BW4 -> 0 | EW4: =CV4/BW4 -> 0 | EX4: =CW4/BW4 -> 0.0063876812 | EY4: =CX4/BX4 -> 1 | EZ4: =CY4/BX4 -> 0 | FA4: =CZ4/BX4 -> 0 | FB4: =DA4/BX4 -> 0 | FC4: =DB4/BX4 -> 0 | FD4: =DC4/BY4 -> 1 | FE4: =DD4/BY4 -> 0 | FF4: =DE4/BY4 -> 0 | FG4: =DF4/BY4 -> 0 | FH4: =DG4/BZ4 -> 1 | FI4: =DH4/BZ4 -> 0 | FJ4: =DI4/BZ4 -> 0 | FK4: =DJ4/BZ4 -> 0 | FL4: =DK4/BZ4 -> 0 | FM4: =DL4/CA4 -> 1 | FN4: =DM4/CA4 -> 0 | FO4: =DN4/CA4 -> 0 | FP4: =DO4/CA4 -> 0 | FQ4: =DP4/CA4 -> 0 | FR4: =DQ4/CA4 -> 0 | FS4: 0 | FT4: 0 | FU4: 0 | FV4: 0 | FW4: 0 | FX4: 0 | FY4: 0 | FZ4: 0 | GA4: =DZ4/CC4 -> 1 | GB4: =EA4/CC4 -> 0 | GC4: =EB4/CC4 -> 0 | GD4: =EC4/CC4 -> 0 | GE4: =ED4/CC4 -> 0
A5: Ashfield | B5: 37551.04 | C5: =B5-D5 -> 16712.189 | D5: 20838.851 | E5: 0 | F5: 5506.14 | G5: 6248.168 | H5: 1222.0481 | I5: 2976.021 | J5: 759.812 | K5: 0 | L5: 0 | M5: 0 | N5: 0 | O5: =EE5*E5 -> 0 | P5: =EF5*E5 -> 0 | Q5: =EG5*E5 -> 0 | R5: =EH5*E5 -> 0 | S5: =EI5*E5 -> 0 | T5: =EJ5*F5 -> 0 | U5: =EK5*F5 -> 5506.14 | V5: =EL5*F5 -> 0 | W5: =EM5*F5 -> 0 | X5: =EN5*F5 -> 0 | Y5: =EO5*F5 -> 0 | Z5: =EP5*G5 -> 6248.168 | AA5: =EQ5*G5 -> 0 | AB5: =ER5*G5 -> 0 | AC5: =ES5*G5 -> 0 | AD5: =ET5*G5 -> 0 | AE5: =EU5*H5 -> 1222.0481 | AF5: =EV5*H5 -> 0 | AG5: =EW5*H5 -> 0 | AH5: =EX5*H5 -> 0 | AI5: =EY5*I5 -> 2976.021 | AJ5: =EZ5*I5 -> 0 | AK5: =FA5*I5 -> 0 | AL5: =FB5*I5 -> 0 | AM5: =FC5*I5 -> 0 | AN5: =FD5*J5 -> 759.812 | AO5: =FE5*J5 -> 0 | AP5: =FF5*J5 -> 0 | AQ5: =FG5*J5 -> 0 | AR5: =FH5*K5 -> 0 | AS5: =FI5*K5 -> 0 | AT5: =FJ5*K5 -> 0 | AU5: =FK5*K5 -> 0 | AV5: =FL5*K5 -> 0 | AW5: =FM5*L5 -> 0 | AX5: =FN5*L5 -> 0 | AY5: =FO5*L5 -> 0 | AZ5: =FP5*L5 -> 0 | BA5: =FQ5*L5 -> 0 | BB5: =FR5*L5 -> 0 | BC5: =FS5*M5 -> 0 | BD5: =FT5*M5 -> 0 | BE5: =FU5*M5 -> 0 | BF5: =FV5*M5 -> 0 | BG5: =FW5*M5 -> 0 | BH5: =FX5*M5 -> 0 | BI5: =FY5*M5 -> 0 | BJ5: =FZ5*M5 -> 0 | BK5: =GA5*N5 -> 0 | BL5: =GB5*N5 -> 0 | BM5: =GC5*N5 -> 0 | BN5: =GD5*N5 -> 0 | BO5: =GE5*N5 -> 0 | BP5: Ashfield | BQ5: 31992.02 | BR5: =BZ5+CX5+EC5+FA5+FU5+GS5+HM5+IK5+JM5+KW5 -> 2976.03 | BS5: 10568 | BT5: 0 | BU5: 5504.24 | BV5: 10880.34 | BW5: 956.84 | BX5: 2976.03 | BY5: 732.78 | BZ5: 0 | CA5: 0 | CB5: 0 | CC5: 373.79 | CD5: 0 | CE5: 0 | CF5: 0 | CG5: 0 | CH5: 0 | CI5: 0 | CJ5: 5504.24 | CK5: 0 | CL5: 0 | CM5: 0 | CN5: 0 | CO5: 10880.34 | CP5: 0 | CQ5: 0 | CR5: 0 | CS5: 0 | CT5: 956.84 | CU5: 0 | CV5: 0 | CW5: 0 | CX5: 2976.03 | CY5: 0 | CZ5: 0 | DA5: 0 | DB5: 0 | DC5: 732.78 | DD5: 0 | DE5: 0 | DF5: 0 | DG5: 0 | DH5: 0 | DI5: 0 | DJ5: 0 | DK5: 0 | DL5: 0 | DM5: 0 | DN5: 0 | DO5: 0 | DP5: 0 | DQ5: 0 | DR5: 0 | DS5: 0 | DT5: 0 | DU5: 0 | DV5: 0 | DW5: 0 | DX5: 0 | DY5: 0 | DZ5: 373.79 | EA5: 0 | EB5: 0 | EC5: 0 | ED5: 0 | EE5: 0 | EF5: 0 | EG5: 0 | EH5: 0 | EI5: 0 | EJ5: =CI5/BU5 -> 0 | EK5: =CJ5/BU5 -> 1 | EL5: =CK5/BU5 -> 0 | EM5: =CL5/BU5 -> 0 | EN5: =CM5/BU5 -> 0 | EO5: =CN5/BU5 -> 0 | EP5: =CO5/BV5 -> 1 | EQ5: =CP5/BV5 -> 0 | ER5: =CQ5/BV5 -> 0 | ES5: =CR5/BV5 -> 0 | ET5: =CS5/BV5 -> 0 | EU5: =CT5/BW5 -> 1 | EV5: =CU5/BW5 -> 0 | EW5: =CV5/BW5 -> 0 | EX5: =CW5/BW5 -> 0 | EY5: =CX5/BX5 -> 1 | EZ5: =CY5/BX5 -> 0 | FA5: =CZ5/BX5 -> 0 | FB5: =DA5/BX5 -> 0 | FC5: =DB5/BX5 -> 0 | FD5: =DC5/BY5 -> 1 | FE5: =DD5/BY5 -> 0 | FF5: =DE5/BY5 -> 0 | FG5: =DF5/BY5 -> 0 | FH5: 0 | FI5: 0 | FJ5: 0 | FK5: 0 | FL5: 0 | FM5: 0 | FN5: 0 | FO5: 0 | FP5: 0 | FQ5: 0 | FR5: 0 | FS5: 0 | FT5: 0 | FU5: 0 | FV5: 0 | FW5: 0 | FX5: 0 | FY5: 0 | FZ5: 0 | GA5: =DZ5/CC5 -> 1 | GB5: =EA5/CC5 -> 0 | GC5: =EB5/CC5 -> 0 | GD5: =EC5/CC5 -> 0 | GE5: =ED5/CC5 -> 0
A6: Ashford | B6: 33360.89 | C6: =B6-D6 -> 26135.137 | D6: 7225.7534 | E6: 4108.7 | F6: 7092.42 | G6: 7932.4314 | H6: 2426.0499 | I6: 3417.4537 | J6: 1092.6516 | K6: 7.59 | L6: 57.84 | M6: 0 | N6: 0 | O6: =EE6*E6 -> 2096.76 | P6: =EF6*E6 -> 0 | Q6: =EG6*E6 -> 2011.94 | R6: =EH6*E6 -> 0 | S6: =EI6*E6 -> 0 | T6: =EJ6*F6 -> 0 | U6: =EK6*F6 -> 7092.42 | V6: =EL6*F6 -> 0 | W6: =EM6*F6 -> 0 | X6: =EN6*F6 -> 0 | Y6: =EO6*F6 -> 0 | Z6: =EP6*G6 -> 7932.4314 | AA6: =EQ6*G6 -> 0 | AB6: =ER6*G6 -> 0 | AC6: =ES6*G6 -> 0 | AD6: =ET6*G6 -> 0 | AE6: =EU6*H6 -> 2426.0499 | AF6: =EV6*H6 -> 0 | AG6: =EW6*H6 -> 0 | AH6: =EX6*H6 -> 0 | AI6: =EY6*I6 -> 3417.4537 | AJ6: =EZ6*I6 -> 0 | AK6: =FA6*I6 -> 0 | AL6: =FB6*I6 -> 0 | AM6: =FC6*I6 -> 0 | AN6: =FD6*J6 -> 1092.6516 | AO6: =FE6*J6 -> 0 | AP6: =FF6*J6 -> 0 | AQ6: =FG6*J6 -> 0 | AR6: =FH6*K6 -> 7.59 | AS6: =FI6*K6 -> 0 | AT6: =FJ6*K6 -> 0 | AU6: =FK6*K6 -> 0 | AV6: =FL6*K6 -> 0 | AW6: =FM6*L6 -> 57.84 | AX6: =FN6*L6 -> 0 | AY6: =FO6*L6 -> 0 | AZ6: =FP6*L6 -> 0 | BA6: =FQ6*L6 -> 0 | BB6: =FR6*L6 -> 0 | BC6: =FS6*M6 -> 0 | BD6: =FT6*M6 -> 0 | BE6: =FU6*M6 -> 0 | BF6: =FV6*M6 -> 0 | BG6: =FW6*M6 -> 0 | BH6: =FX6*M6 -> 0 | BI6: =FY6*M6 -> 0 | BJ6: =FZ6*M6 -> 0 | BK6: =GA6*N6 -> 0 | BL6: =GB6*N6 -> 0 | BM6: =GC6*N6 -> 0 | BN6: =GD6*N6 -> 0 | BO6: =GE6*N6 -> 0 | BP6: Ashford | BQ6: 75187.3 | BR6: =BZ6+CX6+EC6+FA6+FU6+GS6+HM6+IK6+JM6+KW6 -> 11727.42 | BS6: 16802.7 | BT6: 4108.7 | BU6: 7092.42 | BV6: 11548.79 | BW6: 11556.99 | BX6: 11719.83 | BY6: 11549.61 | BZ6: 7.59 | CA6: 91.28 | CB6: 0 | CC6: 709.39 | CD6: 2096.76 | CE6: 0 | CF6: 2011.94 | CG6: 0 | CH6: 0 | CI6: 0 | CJ6: 7092.42 | CK6: 0 | CL6: 0 | CM6: 0 | CN6: 0 | CO6: 11548.79 | CP6: 0 | CQ6: 0 | CR6: 0 | CS6: 0 | CT6: 11556.99 | CU6: 0 | CV6: 0 | CW6: 0 | CX6: 11719.83 | CY6: 0 | CZ6: 0 | DA6: 0 | DB6: 0 | DC6: 11549.61 | DD6: 0 | DE6: 0 | DF6: 0 | DG6: 7.59 | DH6: 0 | DI6: 0 | DJ6: 0 | DK6: 0 | DL6: 91.28 | DM6: 0 | DN6: 0 | DO6: 0 | DP6: 0 | DQ6: 0 | DR6: 0 | DS6: 0 | DT6: 0 | DU6: 0 | DV6: 0 | DW6: 0 | DX6: 0 | DY6: 0 | DZ6: 709.39 | EA6: 0 | EB6: 0 | EC6: 0 | ED6: 0 | EE6: =CD6/BT6 -> 0.510322 | EF6: =CE6/BT6 -> 0 | EG6: =CF6/BT6 -> 0.489678 | EH6: =CG6/BT6 -> 0 | EI6: =CH6/BT6 -> 0 | EJ6: =CI6/BU6 -> 0 | EK6: =CJ6/BU6 -> 1 | EL6: =CK6/BU6 -> 0 | EM6: =CL6/BU6 -> 0 | EN6: =CM6/BU6 -> 0 | EO6: =CN6/BU6 -> 0 | EP6: =CO6/BV6 -> 1 | EQ6: =CP6/BV6 -> 0 | ER6: =CQ6/BV6 -> 0 | ES6: =CR6/BV6 -> 0 | ET6: =CS6/BV6 -> 0 | EU6: =CT6/BW6 -> 1 | EV6: =CU6/BW6 -> 0 | EW6: =CV6/BW6 -> 0 | EX6: =CW6/BW6 -> 0 | EY6: =CX6/BX6 -> 1 | EZ6: =CY6/BX6 -> 0 | FA6: =CZ6/BX6 -> 0 | FB6: =DA6/BX6 -> 0 | FC6: =DB6/BX6 -> 0 | FD6: =DC6/BY6 -> 1 | FE6: =DD6/BY6 -> 0 | FF6: =DE6/BY6 -> 0 | FG6: =DF6/BY6 -> 0 | FH6: =DG6/BZ6 -> 1 | FI6: =DH6/BZ6 -> 0 | FJ6: =DI6/BZ6 -> 0 | FK6: =DJ6/BZ6 -> 0 | FL6: =DK6/BZ6 -> 0 | FM6: =DL6/CA6 -> 1 | FN6: =DM6/CA6 -> 0 | FO6: =DN6/CA6 -> 0 | FP6: =DO6/CA6 -> 0 | FQ6: =DP6/CA6 -> 0 | FR6: =DQ6/CA6 -> 0 | FS6: 0 | FT6: 0 | FU6: 0 | FV6: 0 | FW6: 0 | FX6: 0 | FY6: 0 | FZ6: 0 | GA6: =DZ6/CC6 -> 1 | GB6: =EA6/CC6 -> 0 | GC6: =EB6/CC6 -> 0 | GD6: =EC6/CC6 -> 0 | GE6: =ED6/CC6 -> 0
A7: Barking and Dagenham | B7: 69857.86 | C7: =B7-D7 -> 21504.061 | D7: 48353.799 | E7: 0 | F7: 2823.25 | G7: 5336.3879 | H7: 2297.9402 | I7: 866.62992 | J7: 1115.7336 | K7: 146.24 | L7: 430.56 | M7: 0 | N7: 8487.3194 | O7: =EE7*E7 -> 0 | P7: =EF7*E7 -> 0 | Q7: =EG7*E7 -> 0 | R7: =EH7*E7 -> 0 | S7: =EI7*E7 -> 0 | T7: =EJ7*F7 -> 0 | U7: =EK7*F7 -> 2823.25 | V7: =EL7*F7 -> 0 | W7: =EM7*F7 -> 0 | X7: =EN7*F7 -> 0 | Y7: =EO7*F7 -> 0 | Z7: =EP7*G7 -> 5336.3879 | AA7: =EQ7*G7 -> 0 | AB7: =ER7*G7 -> 0 | AC7: =ES7*G7 -> 0 | AD7: =ET7*G7 -> 0 | AE7: =EU7*H7 -> 2297.9402 | AF7: =EV7*H7 -> 0 | AG7: =EW7*H7 -> 0 | AH7: =EX7*H7 -> 0 | AI7: =EY7*I7 -> 866.62992 | AJ7: =EZ7*I7 -> 0 | AK7: =FA7*I7 -> 0 | AL7: =FB7*I7 -> 0 | AM7: =FC7*I7 -> 0 | AN7: =FD7*J7 -> 1112.6936 | AO7: =FE7*J7 -> 3.0400309 | AP7: =FF7*J7 -> 0 | AQ7: =FG7*J7 -> 0 | AR7: =FH7*K7 -> 0 | AS7: =FI7*K7 -> 146.24 | AT7: =FJ7*K7 -> 0 | AU7: =FK7*K7 -> 0 | AV7: =FL7*K7 -> 0 | AW7: =FM7*L7 -> 430.56 | AX7: =FN7*L7 -> 0 | AY7: =FO7*L7 -> 0 | AZ7: =FP7*L7 -> 0 | BA7: =FQ7*L7 -> 0 | BB7: =FR7*L7 -> 0 | BC7: =FS7*M7 -> 0 | BD7: =FT7*M7 -> 0 | BE7: =FU7*M7 -> 0 | BF7: =FV7*M7 -> 0 | BG7: =FW7*M7 -> 0 | BH7: =FX7*M7 -> 0 | BI7: =FY7*M7 -> 0 | BJ7: =FZ7*M7 -> 0 | BK7: =GA7*N7 -> 8487.3194 | BL7: =GB7*N7 -> 0 | BM7: =GC7*N7 -> 0 | BN7: =GD7*N7 -> 0 | BO7: =GE7*N7 -> 0 | BP7: Barking and Dagenham | BQ7: 54807.43 | BR7: =BZ7+CX7+EC7+FA7+FU7+GS7+HM7+IK7+JM7+KW7 -> 877.7 | BS7: 30864.63 | BT7: 0 | BU7: 2823.25 | BV7: 5922.22 | BW7: 2030.16 | BX7: 731.58 | BY7: 2903.08 | BZ7: 146.12 | CA7: 2330.51 | CB7: 3276.09 | CC7: 3779.79 | CD7: 0 | CE7: 0 | CF7: 0 | CG7: 0 | CH7: 0 | CI7: 0 | CJ7: 2823.25 | CK7: 0 | CL7: 0 | CM7: 0 | CN7: 0 | CO7: 5922.22 | CP7: 0 | CQ7: 0 | CR7: 0 | CS7: 0 | CT7: 2030.16 | CU7: 0 | CV7: 0 | CW7: 0 | CX7: 731.58 | CY7: 0 | CZ7: 0 | DA7: 0 | DB7: 0 | DC7: 2895.17 | DD7: 7.91 | DE7: 0 | DF7: 0 | DG7: 0 | DH7: 146.12 | DI7: 0 | DJ7: 0 | DK7: 0 | DL7: 2330.51 | DM7: 0 | DN7: 0 | DO7: 0 | DP7: 0 | DQ7: 0 | DR7: 3276.09 | DS7: 0 | DT7: 0 | DU7: 0 | DV7: 0 | DW7: 0 | DX7: 0 | DY7: 0 | DZ7: 3779.79 | EA7: 0 | EB7: 0 | EC7: 0 | ED7: 0 | EE7: 0 | EF7: 0 | EG7: 0 | EH7: 0 | EI7: 0 | EJ7: =CI7/BU7 -> 0 | EK7: =CJ7/BU7 -> 1 | EL7: =CK7/BU7 -> 0 | EM7: =CL7/BU7 -> 0 | EN7: =CM7/BU7 -> 0 | EO7: =CN7/BU7 -> 0 | EP7: =CO7/BV7 -> 1 | EQ7: =CP7/BV7 -> 0 | ER7: =CQ7/BV7 -> 0 | ES7: =CR7/BV7 -> 0 | ET7: =CS7/BV7 -> 0 | EU7: =CT7/BW7 -> 1 | EV7: =CU7/BW7 -> 0 | EW7: =CV7/BW7 -> 0 | EX7: =CW7/BW7 -> 0 | EY7: =CX7/BX7 -> 1 | EZ7: =CY7/BX7 -> 0 | FA7: =CZ7/BX7 -> 0 | FB7: =DA7/BX7 -> 0 | FC7: =DB7/BX7 -> 0 | FD7: =DC7/BY7 -> 0.99727531 | FE7: =DD7/BY7 -> 0.0027246924 | FF7: =DE7/BY7 -> 0 | FG7: =DF7/BY7 -> 0 | FH7: =DG7/BZ7 -> 0 | FI7: =DH7/BZ7 -> 1 | FJ7: =DI7/BZ7 -> 0 | FK7: =DJ7/BZ7 -> 0 | FL7: =DK7/BZ7 -> 0 | FM7: =DL7/CA7 -> 1 | FN7: =DM7/CA7 -> 0 | FO7: =DN7/CA7 -> 0 | FP7: =DO7/CA7 -> 0 | FQ7: =DP7/CA7 -> 0 | FR7: =DQ7/CA7 -> 0 | FS7: =DR7/CB7 -> 1 | FT7: =DS7/CB7 -> 0 | FU7: =DT7/CB7 -> 0 | FV7: =DU7/CB7 -> 0 | FW7: =DV7/CB7 -> 0 | FX7: =DW7/CB7 -> 0 | FY7: =DX7/CB7 -> 0 | FZ7: =DY7/CB7 -> 0 | GA7: =DZ7/CC7 -> 1 | GB7: =EA7/CC7 -> 0 | GC7: =EB7/CC7 -> 0 | GD7: =EC7/CC7 -> 0 | GE7: =ED7/CC7 -> 0
A8: Barnet | B8: 109616.19 | C8: =B8-D8 -> 44272.001 | D8: 65344.191 | E8: 0 | F8: 12025.88 | G8: 18818.7 | H8: 3255.894 | I8: 7322.9704 | J8: 1833.5544 | K8: 572.852 | L8: 442.15 | M8: 0 | N8: 0 | O8: =EE8*E8 -> 0 | P8: =EF8*E8 -> 0 | Q8: =EG8*E8 -> 0 | R8: =EH8*E8 -> 0 | S8: =EI8*E8 -> 0 | T8: =EJ8*F8 -> 0 | U8: =EK8*F8 -> 12025.88 | V8: =EL8*F8 -> 0 | W8: =EM8*F8 -> 0 | X8: =EN8*F8 -> 0 | Y8: =EO8*F8 -> 0 | Z8: =EP8*G8 -> 18579.492 | AA8: =EQ8*G8 -> 239.20802 | AB8: =ER8*G8 -> 0 | AC8: =ES8*G8 -> 0 | AD8: =ET8*G8 -> 0 | AE8: =EU8*H8 -> 3255.894 | AF8: =EV8*H8 -> 0 | AG8: =EW8*H8 -> 0 | AH8: =EX8*H8 -> 0 | AI8: =EY8*I8 -> 7322.9704 | AJ8: =EZ8*I8 -> 0 | AK8: =FA8*I8 -> 0 | AL8: =FB8*I8 -> 0 | AM8: =FC8*I8 -> 0 | AN8: =FD8*J8 -> 1811.198 | AO8: =FE8*J8 -> 22.356397 | AP8: =FF8*J8 -> 0 | AQ8: =FG8*J8 -> 0 | AR8: =FH8*K8 -> 115.69859 | AS8: =FI8*K8 -> 457.15341 | AT8: =FJ8*K8 -> 0 | AU8: =FK8*K8 -> 0 | AV8: =FL8*K8 -> 0 | AW8: =FM8*L8 -> 442.15 | AX8: =FN8*L8 -> 0 | AY8: =FO8*L8 -> 0 | AZ8: =FP8*L8 -> 0 | BA8: =FQ8*L8 -> 0 | BB8: =FR8*L8 -> 0 | BC8: =FS8*M8 -> 0 | BD8: =FT8*M8 -> 0 | BE8: =FU8*M8 -> 0 | BF8: =FV8*M8 -> 0 | BG8: =FW8*M8 -> 0 | BH8: =FX8*M8 -> 0 | BI8: =FY8*M8 -> 0 | BJ8: =FZ8*M8 -> 0 | BK8: =GA8*N8 -> 0 | BL8: =GB8*N8 -> 0 | BM8: =GC8*N8 -> 0 | BN8: =GD8*N8 -> 0 | BO8: =GE8*N8 -> 0 | BP8: Barnet | BQ8: 112192.9 | BR8: =BZ8+CX8+EC8+FA8+FU8+GS8+HM8+IK8+JM8+KW8 -> 10400.193 | BS8: 42052.77 | BT8: 0 | BU8: 11998.62 | BV8: 33861.51 | BW8: 5299.22 | BX8: 9749.04 | BY8: 2445.68 | BZ8: 651.153 | CA8: 884.15 | CB8: 5241.24 | CC8: 9.52 | CD8: 0 | CE8: 0 | CF8: 0 | CG8: 0 | CH8: 0 | CI8: 0 | CJ8: 11998.62 | CK8: 0 | CL8: 0 | CM8: 0 | CN8: 0 | CO8: 33431.09 | CP8: 430.42 | CQ8: 0 | CR8: 0 | CS8: 0 | CT8: 5299.22 | CU8: 0 | CV8: 0 | CW8: 0 | CX8: 9749.04 | CY8: 0 | CZ8: 0 | DA8: 0 | DB8: 0 | DC8: 2415.86 | DD8: 29.82 | DE8: 0 | DF8: 0 | DG8: 131.513 | DH8: 519.64 | DI8: 0 | DJ8: 0 | DK8: 0 | DL8: 884.15 | DM8: 0 | DN8: 0 | DO8: 0 | DP8: 0 | DQ8: 0 | DR8: 3037.49 | DS8: 0 | DT8: 0 | DU8: 0 | DV8: 0 | DW8: 2203.75 | DX8: 0 | DY8: 0 | DZ8: 9.52 | EA8: 0 | EB8: 0 | EC8: 0 | ED8: 0 | EE8: 0 | EF8: 0 | EG8: 0 | EH8: 0 | EI8: 0 | EJ8: =CI8/BU8 -> 0 | EK8: =CJ8/BU8 -> 1 | EL8: =CK8/BU8 -> 0 | EM8: =CL8/BU8 -> 0 | EN8: =CM8/BU8 -> 0 | EO8: =CN8/BU8 -> 0 | EP8: =CO8/BV8 -> 0.98728881 | EQ8: =CP8/BV8 -> 0.012711187 | ER8: =CQ8/BV8 -> 0 | ES8: =CR8/BV8 -> 0 | ET8: =CS8/BV8 -> 0 | EU8: =CT8/BW8 -> 1 | EV8: =CU8/BW8 -> 0 | EW8: =CV8/BW8 -> 0 | EX8: =CW8/BW8 -> 0 | EY8: =CX8/BX8 -> 1 | EZ8: =CY8/BX8 -> 0 | FA8: =CZ8/BX8 -> 0 | FB8: =DA8/BX8 -> 0 | FC8: =DB8/BX8 -> 0 | FD8: =DC8/BY8 -> 0.98780707 | FE8: =DD8/BY8 -> 0.012192928 | FF8: =DE8/BY8 -> 0 | FG8: =DF8/BY8 -> 0 | FH8: =DG8/BZ8 -> 0.20196943 | FI8: =DH8/BZ8 -> 0.79803057 | FJ8: =DI8/BZ8 -> 0 | FK8: =DJ8/BZ8 -> 0 | FL8: =DK8/BZ8 -> 0 | FM8: =DL8/CA8 -> 1 | FN8: =DM8/CA8 -> 0 | FO8: =DN8/CA8 -> 0 | FP8: =DO8/CA8 -> 0 | FQ8: =DP8/CA8 -> 0 | FR8: =DQ8/CA8 -> 0 | FS8: =DR8/CB8 -> 0.57953652 | FT8: =DS8/CB8 -> 0 | FU8: =DT8/CB8 -> 0 | FV8: =DU8/CB8 -> 0 | FW8: =DV8/CB8 -> 0 | FX8: =DW8/CB8 -> 0.42046348 | FY8: =DX8/CB8 -> 0 | FZ8: =DY8/CB8 -> 0 | GA8: =DZ8/CC8 -> 1 | GB8: =EA8/CC8 -> 0 | GC8: =EB8/CC8 -> 0 | GD8: =EC8/CC8 -> 0 | GE8: =ED8/CC8 -> 0
A9: Barnsley | B9: 90053.028 | C9: =B9-D9 -> 46476.433 | D9: 43576.595 | E9: 0 | F9: 14647.86 | G9: 15367.841 | H9: 3924.2557 | I9: 8595.1471 | J9: 2607.2204 | K9: 449.083 | L9: 885.025 | M9: 0 | N9: 0 | O9: =EE9*E9 -> 0 | P9: =EF9*E9 -> 0 | Q9: =EG9*E9 -> 0 | R9: =EH9*E9 -> 0 | S9: =EI9*E9 -> 0 | T9: =EJ9*F9 -> 0 | U9: =EK9*F9 -> 14647.86 | V9: =EL9*F9 -> 0 | W9: =EM9*F9 -> 0 | X9: =EN9*F9 -> 0 | Y9: =EO9*F9 -> 0 | Z9: =EP9*G9 -> 15367.841 | AA9: =EQ9*G9 -> 0 | AB9: =ER9*G9 -> 0 | AC9: =ES9*G9 -> 0 | AD9: =ET9*G9 -> 0 | AE9: =EU9*H9 -> 3924.2557 | AF9: =EV9*H9 -> 0 | AG9: =EW9*H9 -> 0 | AH9: =EX9*H9 -> 0 | AI9: =EY9*I9 -> 8595.1471 | AJ9: =EZ9*I9 -> 0 | AK9: =FA9*I9 -> 0 | AL9: =FB9*I9 -> 0 | AM9: =FC9*I9 -> 0 | AN9: =FD9*J9 -> 2607.2204 | AO9: =FE9*J9 -> 0 | AP9: =FF9*J9 -> 0 | AQ9: =FG9*J9 -> 0 | AR9: =FH9*K9 -> 449.083 | AS9: =FI9*K9 -> 0 | AT9: =FJ9*K9 -> 0 | AU9: =FK9*K9 -> 0 | AV9: =FL9*K9 -> 0 | AW9: =FM9*L9 -> 885.025 | AX9: =FN9*L9 -> 0 | AY9: =FO9*L9 -> 0 | AZ9: =FP9*L9 -> 0 | BA9: =FQ9*L9 -> 0 | BB9: =FR9*L9 -> 0 | BC9: =FS9*M9 -> 0 | BD9: =FT9*M9 -> 0 | BE9: =FU9*M9 -> 0 | BF9: =FV9*M9 -> 0 | BG9: =FW9*M9 -> 0 | BH9: =FX9*M9 -> 0 | BI9: =FY9*M9 -> 0 | BJ9: =FZ9*M9 -> 0 | BK9: =GA9*N9 -> 0 | BL9: =GB9*N9 -> 0 | BM9: =GC9*N9 -> 0 | BN9: =GD9*N9 -> 0 | BO9: =GE9*N9 -> 0 | BP9: Barnsley | BQ9: 251802.39 | BR9: =BZ9+CX9+EC9+FA9+FU9+GS9+HM9+IK9+JM9+KW9 -> 9053.983 | BS9: 202197.79 | BT9: 0 | BU9: 14647.86 | BV9: 8363.894 | BW9: 4576.897 | BX9: 8557.422 | BY9: 10477.084 | BZ9: 496.561 | CA9: 2484.878 | CB9: 0 | CC9: 0 | CD9: 0 | CE9: 0 | CF9: 0 | CG9: 0 | CH9: 0 | CI9: 0 | CJ9: 14647.86 | CK9: 0 | CL9: 0 | CM9: 0 | CN9: 0 | CO9: 8363.894 | CP9: 0 | CQ9: 0 | CR9: 0 | CS9: 0 | CT9: 4576.897 | CU9: 0 | CV9: 0 | CW9: 0 | CX9: 8557.422 | CY9: 0 | CZ9: 0 | DA9: 0 | DB9: 0 | DC9: 10477.084 | DD9: 0 | DE9: 0 | DF9: 0 | DG9: 496.561 | DH9: 0 | DI9: 0 | DJ9: 0 | DK9: 0 | DL9: 2484.878 | DM9: 0 | DN9: 0 | DO9: 0 | DP9: 0 | DQ9: 0 | DR9: 0 | DS9: 0 | DT9: 0 | DU9: 0 | DV9: 0 | DW9: 0 | DX9: 0 | DY9: 0 | DZ9: 0 | EA9: 0 | EB9: 0 | EC9: 0 | ED9: 0 | EE9: 0 | EF9: 0 | EG9: 0 | EH9: 0 | EI9: 0 | EJ9: =CI9/BU9 -> 0 | EK9: =CJ9/BU9 -> 1 | EL9: =CK9/BU9 -> 0 | EM9: =CL9/BU9 -> 0 | EN9: =CM9/BU9 -> 0 | EO9: =CN9/BU9 -> 0 | EP9: =CO9/BV9 -> 1 | EQ9: =CP9/BV9 -> 0 | ER9: =CQ9/BV9 -> 0 | ES9: =CR9/BV9 -> 0 | ET9: =CS9/BV9 -> 0 | EU9: =CT9/BW9 -> 1 | EV9: =CU9/BW9 -> 0 | EW9: =CV9/BW9 -> 0 | EX9: =CW9/BW9 -> 0 | EY9: =CX9/BX9 -> 1 | EZ9: =CY9/BX9 -> 0 | FA9: =CZ9/BX9 -> 0 | FB9: =DA9/BX9 -> 0 | FC9: =DB9/BX9 -> 0 | FD9: =DC9/BY9 -> 1 | FE9: =DD9/BY9 -> 0 | FF9: =DE9/BY9 -> 0 | FG9: =DF9/BY9 -> 0 | FH9: =DG9/BZ9 -> 1 | FI9: =DH9/BZ9 -> 0 | FJ9: =DI9/BZ9 -> 0 | FK9: =DJ9/BZ9 -> 0 | FL9: =DK9/BZ9 -> 0 | FM9: =DL9/CA9 -> 1 | FN9: =DM9/CA9 -> 0 | FO9: =DN9/CA9 -> 0 | FP9: =DO9/CA9 -> 0 | FQ9: =DP9/CA9 -> 0 | FR9: =DQ9/CA9 -> 0 | FS9: 0 | FT9: 0 | FU9: 0 | FV9: 0 | FW9: 0 | FX9: 0 | FY9: 0 | FZ9: 0 | GA9: 0 | GB9: 0 | GC9: 0 | GD9: 0 | GE9: 0
A10: Basildon | B10: 62326.008 | C10: =B10-D10 -> 38074.593 | D10: 24251.415 | E10: 1411.31 | F10: 14464.7 | G10: 9072.4809 | H10: 3243.8933 | I10: 4215.8882 | J10: 1189.3712 | K10: 236.551 | L10: 195.056 | M10: 0 | N10: 4045.3422 | O10: =EE10*E10 -> 0 | P10: =EF10*E10 -> 0 | Q10: =EG10*E10 -> 1411.31 | R10: =EH10*E10 -> 0 | S10: =EI10*E10 -> 0 | T10: =EJ10*F10 -> 13960 | U10: =EK10*F10 -> 504.7 | V10: =EL10*F10 -> 0 | W10: =EM10*F10 -> 0 | X10: =EN10*F10 -> 0 | Y10: =EO10*F10 -> 0 | Z10: =EP10*G10 -> 9072.4809 | AA10: =EQ10*G10 -> 0 | AB10: =ER10*G10 -> 0 | AC10: =ES10*G10 -> 0 | AD10: =ET10*G10 -> 0 | AE10: =EU10*H10 -> 3243.8933 | AF10: =EV10*H10 -> 0 | AG10: =EW10*H10 -> 0 | AH10: =EX10*H10 -> 0 | AI10: =EY10*I10 -> 4215.8882 | AJ10: =EZ10*I10 -> 0 | AK10: =FA10*I10 -> 0 | AL10: =FB10*I10 -> 0 | AM10: =FC10*I10 -> 0 | AN10: =FD10*J10 -> 1189.3712 | AO10: =FE10*J10 -> 0 | AP10: =FF10*J10 -> 0 | AQ10: =FG10*J10 -> 0 | AR10: =FH10*K10 -> 236.551 | AS10: =FI10*K10 -> 0 | AT10: =FJ10*K10 -> 0 | AU10: =FK10*K10 -> 0 | AV10: =FL10*K10 -> 0 | AW10: =FM10*L10 -> 170.38707 | AX10: =FN10*L10 -> 24.668931 | AY10: =FO10*L10 -> 0 | AZ10: =FP10*L10 -> 0 | BA10: =FQ10*L10 -> 0 | BB10: =FR10*L10 -> 0 | BC10: =FS10*M10 -> 0 | BD10: =FT10*M10 -> 0 | BE10: =FU10*M10 -> 0 | BF10: =FV10*M10 -> 0 | BG10: =FW10*M10 -> 0 | BH10: =FX10*M10 -> 0 | BI10: =FY10*M10 -> 0 | BJ10: =FZ10*M10 -> 0 | BK10: =GA10*N10 -> 4045.3422 | BL10: =GB10*N10 -> 0 | BM10: =GC10*N10 -> 0 | BN10: =GD10*N10 -> 0 | BO10: =GE10*N10 -> 0 | BP10: Basildon | BQ10: 69108.983 | BR10: =BZ10+CX10+EC10+FA10+FU10+GS10+HM10+IK10+JM10+KW10 -> 4583.171 | BS10: 26061.955 | BT10: 1411.31 | BU10: 14464.7 | BV10: 14333.238 | BW10: 4683.268 | BX10: 4170.068 | BY10: 917.472 | BZ10: 413.103 | CA10: 308.885 | CB10: 1780.972 | CC10: 564.012 | CD10: 0 | CE10: 0 | CF10: 1411.31 | CG10: 0 | CH10: 0 | CI10: 13960 | CJ10: 504.7 | CK10: 0 | CL10: 0 | CM10: 0 | CN10: 0 | CO10: 14333.238 | CP10: 0 | CQ10: 0 | CR10: 0 | CS10: 0 | CT10: 4683.268 | CU10: 0 | CV10: 0 | CW10: 0 | CX10: 4170.068 | CY10: 0 | CZ10: 0 | DA10: 0 | DB10: 0 | DC10: 917.472 | DD10: 0 | DE10: 0 | DF10: 0 | DG10: 413.103 | DH10: 0 | DI10: 0 | DJ10: 0 | DK10: 0 | DL10: 269.82 | DM10: 39.065 | DN10: 0 | DO10: 0 | DP10: 0 | DQ10: 0 | DR10: 1569.114 | DS10: 0 | DT10: 0 | DU10: 0 | DV10: 211.858 | DW10: 0 | DX10: 0 | DY10: 0 | DZ10: 564.012 | EA10: 0 | EB10: 0 | EC10: 0 | ED10: 0 | EE10: =CD10/BT10 -> 0 | EF10: =CE10/BT10 -> 0 | EG10: =CF10/BT10 -> 1 | EH10: =CG10/BT10 -> 0 | EI10: =CH10/BT10 -> 0 | EJ10: =CI10/BU10 -> 0.96510816 | EK10: =CJ10/BU10 -> 0.03489184 | EL10: =CK10/BU10 -> 0 | EM10: =CL10/BU10 -> 0 | EN10: =CM10/BU10 -> 0 | EO10: =CN10/BU10 -> 0 | EP10: =CO10/BV10 -> 1 | EQ10: =CP10/BV10 -> 0 | ER10: =CQ10/BV10 -> 0 | ES10: =CR10/BV10 -> 0 | ET10: =CS10/BV10 -> 0 | EU10: =CT10/BW10 -> 1 | EV10: =CU10/BW10 -> 0 | EW10: =CV10/BW10 -> 0 | EX10: =CW10/BW10 -> 0 | EY10: =CX10/BX10 -> 1 | EZ10: =CY10/BX10 -> 0 | FA10: =CZ10/BX10 -> 0 | FB10: =DA10/BX10 -> 0 | FC10: =DB10/BX10 -> 0 | FD10: =DC10/BY10 -> 1 | FE10: =DD10/BY10 -> 0 | FF10: =DE10/BY10 -> 0 | FG10: =DF10/BY10 -> 0 | FH10: =DG10/BZ10 -> 1 | FI10: =DH10/BZ10 -> 0 | FJ10: =DI10/BZ10 -> 0 | FK10: =DJ10/BZ10 -> 0 | FL10: =DK10/BZ10 -> 0 | FM10: =DL10/CA10 -> 0.87352898 | FN10: =DM10/CA10 -> 0.12647102 | FO10: =DN10/CA10 -> 0 | FP10: =DO10/CA10 -> 0 | FQ10: =DP10/CA10 -> 0 | FR10: =DQ10/CA10 -> 0 | FS10: =DR10/CB10 -> 0.88104361 | FT10: =DS10/CB10 -> 0 | FU10: =DT10/CB10 -> 0 | FV10: =DU10/CB10 -> 0 | FW10: =DV10/CB10 -> 0.11895639 | FX10: =DW10/CB10 -> 0 | FY10: =DX10/CB10 -> 0 | FZ10: =DY10/CB10 -> 0 | GA10: =DZ10/CC10 -> 1 | GB10: =EA10/CC10 -> 0 | GC10: =EB10/CC10 -> 0 | GD10: =EC10/CC10 -> 0 | GE10: =ED10/CC10 -> 0
A11: Basingstoke and Deane | B11: 51884.76 | C11: =B11-D11 -> 18482.62 | D11: 33402.14 | E11: 0 | F11: 4349.9 | G11: 7409.2688 | H11: 917.87714 | I11: 4603.27 | J11: 780.57431 | K11: 227.32 | L11: 194.41 | M11: 0 | N11: 0 | O11: =EE11*E11 -> 0 | P11: =EF11*E11 -> 0 | Q11: =EG11*E11 -> 0 | R11: =EH11*E11 -> 0 | S11: =EI11*E11 -> 0 | T11: =EJ11*F11 -> 0 | U11: =EK11*F11 -> 4349.9 | V11: =EL11*F11 -> 0 | W11: =EM11*F11 -> 0 | X11: =EN11*F11 -> 0 | Y11: =EO11*F11 -> 0 | Z11: =EP11*G11 -> 7409.2688 | AA11: =EQ11*G11 -> 0 | AB11: =ER11*G11 -> 0 | AC11: =ES11*G11 -> 0 | AD11: =ET11*G11 -> 0 | AE11: =EU11*H11 -> 852.71073 | AF11: =EV11*H11 -> 0 | AG11: =EW11*H11 -> 0 | AH11: =EX11*H11 -> 0 | AI11: =EY11*I11 -> 4603.27 | AJ11: =EZ11*I11 -> 0 | AK11: =FA11*I11 -> 0 | AL11: =FB11*I11 -> 0 | AM11: =FC11*I11 -> 0 | AN11: =FD11*J11 -> 780.57431 | AO11: =FE11*J11 -> 0 | AP11: =FF11*J11 -> 0 | AQ11: =FG11*J11 -> 0 | AR11: =FH11*K11 -> 92.430352 | AS11: =FI11*K11 -> 134.88965 | AT11: =FJ11*K11 -> 0 | AU11: =FK11*K11 -> 0 | AV11: =FL11*K11 -> 0 | AW11: =FM11*L11 -> 10.436707 | AX11: =FN11*L11 -> 183.97329 | AY11: =FO11*L11 -> 0 | AZ11: =FP11*L11 -> 0 | BA11: =FQ11*L11 -> 0 | BB11: =FR11*L11 -> 0 | BC11: =FS11*M11 -> 0 | BD11: =FT11*M11 -> 0 | BE11: =FU11*M11 -> 0 | BF11: =FV11*M11 -> 0 | BG11: =FW11*M11 -> 0 | BH11: =FX11*M11 -> 0 | BI11: =FY11*M11 -> 0 | BJ11: =FZ11*M11 -> 0 | BK11: =GA11*N11 -> 0 | BL11: =GB11*N11 -> 0 | BM11: =GC11*N11 -> 0 | BN11: =GD11*N11 -> 0 | BO11: =GE11*N11 -> 0 | BP11: Basingstoke and Deane | BQ11: 53712.57 | BR11: =BZ11+CX11+EC11+FA11+FU11+GS11+HM11+IK11+JM11+KW11 -> 9792.41 | BS11: 18310.29 | BT11: 0 | BU11: 4349.9 | BV11: 14935.29 | BW11: 1674.44 | BX11: 9206.54 | BY11: 1099.15 | BZ11: 585.87 | CA11: 1836.86 | CB11: 0 | CC11: 1714.23 | CD11: 0 | CE11: 0 | CF11: 0 | CG11: 0 | CH11: 0 | CI11: 0 | CJ11: 4349.9 | CK11: 0 | CL11: 0 | CM11: 0 | CN11: 0 | CO11: 14935.29 | CP11: 0 | CQ11: 0 | CR11: 0 | CS11: 0 | CT11: 1555.56 | CU11: 0 | CV11: 0 | CW11: 0 | CX11: 9206.54 | CY11: 0 | CZ11: 0 | DA11: 0 | DB11: 0 | DC11: 1099.15 | DD11: 0 | DE11: 0 | DF11: 0 | DG11: 238.22 | DH11: 347.65 | DI11: 0 | DJ11: 0 | DK11: 0 | DL11: 98.61 | DM11: 1738.25 | DN11: 0 | DO11: 0 | DP11: 0 | DQ11: 0 | DR11: 0 | DS11: 0 | DT11: 0 | DU11: 0 | DV11: 0 | DW11: 0 | DX11: 0 | DY11: 0 | DZ11: 1018.93 | EA11: 695.3 | EB11: 0 | EC11: 0 | ED11: 0 | EE11: 0 | EF11: 0 | EG11: 0 | EH11: 0 | EI11: 0 | EJ11: =CI11/BU11 -> 0 | EK11: =CJ11/BU11 -> 1 | EL11: =CK11/BU11 -> 0 | EM11: =CL11/BU11 -> 0 | EN11: =CM11/BU11 -> 0 | EO11: =CN11/BU11 -> 0 | EP11: =CO11/BV11 -> 1 | EQ11: =CP11/BV11 -> 0 | ER11: =CQ11/BV11 -> 0 | ES11: =CR11/BV11 -> 0 | ET11: =CS11/BV11 -> 0 | EU11: =CT11/BW11 -> 0.92900313 | EV11: =CU11/BW11 -> 0 | EW11: =CV11/BW11 -> 0 | EX11: =CW11/BW11 -> 0 | EY11: =CX11/BX11 -> 1 | EZ11: =CY11/BX11 -> 0 | FA11: =CZ11/BX11 -> 0 | FB11: =DA11/BX11 -> 0 | FC11: =DB11/BX11 -> 0 | FD11: =DC11/BY11 -> 1 | FE11: =DD11/BY11 -> 0 | FF11: =DE11/BY11 -> 0 | FG11: =DF11/BY11 -> 0 | FH11: =DG11/BZ11 -> 0.40660897 | FI11: =DH11/BZ11 -> 0.59339103 | FJ11: =DI11/BZ11 -> 0 | FK11: =DJ11/BZ11 -> 0 | FL11: =DK11/BZ11 -> 0 | FM11: =DL11/CA11 -> 0.053684004 | FN11: =DM11/CA11 -> 0.946316 | FO11: =DN11/CA11 -> 0 | FP11: =DO11/CA11 -> 0 | FQ11: =DP11/CA11 -> 0 | FR11: =DQ11/CA11 -> 0 | FS11: 0 | FT11: 0 | FU11: 0 | FV11: 0 | FW11: 0 | FX11: 0 | FY11: 0 | FZ11: 0 | GA11: =DZ11/CC11 -> 0.59439515 | GB11: =EA11/CC11 -> 0.40560485 | GC11: =EB11/CC11 -> 0 | GD11: =EC11/CC11 -> 0 | GE11: =ED11/CC11 -> 0
A12: Bassetlaw | B12: 38975.94 | C12: =B12-D12 -> 11892.018 | D12: 27083.922 | E12: 0 | F12: 4062.28 | G12: 5255.7847 | H12: 778.58889 | I12: 1127.84 | J12: 509.58404 | K12: 157.94 | L12: 0 | M12: 0 | N12: 0 | O12: =EE12*E12 -> 0 | P12: =EF12*E12 -> 0 | Q12: =EG12*E12 -> 0 | R12: =EH12*E12 -> 0 | S12: =EI12*E12 -> 0 | T12: =EJ12*F12 -> 0 | U12: =EK12*F12 -> 4062.28 | V12: =EL12*F12 -> 0 | W12: =EM12*F12 -> 0 | X12: =EN12*F12 -> 0 | Y12: =EO12*F12 -> 0 | Z12: =EP12*G12 -> 5255.7847 | AA12: =EQ12*G12 -> 0 | AB12: =ER12*G12 -> 0 | AC12: =ES12*G12 -> 0 | AD12: =ET12*G12 -> 0 | AE12: =EU12*H12 -> 778.58889 | AF12: =EV12*H12 -> 0 | AG12: =EW12*H12 -> 0 | AH12: =EX12*H12 -> 0 | AI12: =EY12*I12 -> 1127.84 | AJ12: =EZ12*I12 -> 0 | AK12: =FA12*I12 -> 0 | AL12: =FB12*I12 -> 0 | AM12: =FC12*I12 -> 0 | AN12: =FD12*J12 -> 509.58404 | AO12: =FE12*J12 -> 0 | AP12: =FF12*J12 -> 0 | AQ12: =FG12*J12 -> 0 | AR12: =FH12*K12 -> 157.94 | AS12: =FI12*K12 -> 0 | AT12: =FJ12*K12 -> 0 | AU12: =FK12*K12 -> 0 | AV12: =FL12*K12 -> 0 | AW12: =FM12*L12 -> 0 | AX12: =FN12*L12 -> 0 | AY12: =FO12*L12 -> 0 | AZ12: =FP12*L12 -> 0 | BA12: =FQ12*L12 -> 0 | BB12: =FR12*L12 -> 0 | BC12: =FS12*M12 -> 0 | BD12: =FT12*M12 -> 0 | BE12: =FU12*M12 -> 0 | BF12: =FV12*M12 -> 0 | BG12: =FW12*M12 -> 0 | BH12: =FX12*M12 -> 0 | BI12: =FY12*M12 -> 0 | BJ12: =FZ12*M12 -> 0 | BK12: =GA12*N12 -> 0 | BL12: =GB12*N12 -> 0 | BM12: =GC12*N12 -> 0 | BN12: =GD12*N12 -> 0 | BO12: =GE12*N12 -> 0 | BP12: Bassetlaw | BQ12: 27655.8 | BR12: =BZ12+CX12+EC12+FA12+FU12+GS12+HM12+IK12+JM12+KW12 -> 3440.74 | BS12: 11240.25 | BT12: 0 | BU12: 4062.28 | BV12: 6895.89 | BW12: 609.62 | BX12: 3282.8 | BY12: 647.31 | BZ12: 157.94 | CA12: 0 | CB12: 0 | CC12: 759.71 | CD12: 0 | CE12: 0 | CF12: 0 | CG12: 0 | CH12: 0 | CI12: 0 | CJ12: 4062.28 | CK12: 0 | CL12: 0 | CM12: 0 | CN12: 0 | CO12: 6895.89 | CP12: 0 | CQ12: 0 | CR12: 0 | CS12: 0 | CT12: 609.62 | CU12: 0 | CV12: 0 | CW12: 0 | CX12: 3282.8 | CY12: 0 | CZ12: 0 | DA12: 0 | DB12: 0 | DC12: 647.31 | DD12: 0 | DE12: 0 | DF12: 0 | DG12: 157.94 | DH12: 0 | DI12: 0 | DJ12: 0 | DK12: 0 | DL12: 0 | DM12: 0 | DN12: 0 | DO12: 0 | DP12: 0 | DQ12: 0 | DR12: 0 | DS12: 0 | DT12: 0 | DU12: 0 | DV12: 0 | DW12: 0 | DX12: 0 | DY12: 0 | DZ12: 759.71 | EA12: 0 | EB12: 0 | EC12: 0 | ED12: 0 | EE12: 0 | EF12: 0 | EG12: 0 | EH12: 0 | EI12: 0 | EJ12: =CI12/BU12 -> 0 | EK12: =CJ12/BU12 -> 1 | EL12: =CK12/BU12 -> 0 | EM12: =CL12/BU12 -> 0 | EN12: =CM12/BU12 -> 0 | EO12: =CN12/BU12 -> 0 | EP12: =CO12/BV12 -> 1 | EQ12: =CP12/BV12 -> 0 | ER12: =CQ12/BV12 -> 0 | ES12: =CR12/BV12 -> 0 | ET12: =CS12/BV12 -> 0 | EU12: =CT12/BW12 -> 1 | EV12: =CU12/BW12 -> 0 | EW12: =CV12/BW12 -> 0 | EX12: =CW12/BW12 -> 0 | EY12: =CX12/BX12 -> 1 | EZ12: =CY12/BX12 -> 0 | FA12: =CZ12/BX12 -> 0 | FB12: =DA12/BX12 -> 0 | FC12: =DB12/BX12 -> 0 | FD12: =DC12/BY12 -> 1 | FE12: =DD12/BY12 -> 0 | FF12: =DE12/BY12 -> 0 | FG12: =DF12/BY12 -> 0 | FH12: =DG12/BZ12 -> 1 | FI12: =DH12/BZ12 -> 0 | FJ12: =DI12/BZ12 -> 0 | FK12: =DJ12/BZ12 -> 0 | FL12: =DK12/BZ12 -> 0 | FM12: 0 | FN12: 0 | FO12: 0 | FP12: 0 | FQ12: 0 | FR12: 0 | FS12: 0 | FT12: 0 | FU12: 0 | FV12: 0 | FW12: 0 | FX12: 0 | FY12: 0 | FZ12: 0 | GA12: =DZ12/CC12 -> 1 | GB12: =EA12/CC12 -> 0 | GC12: =EB12/CC12 -> 0 | GD12: =EC12/CC12 -> 0 | GE12: =ED12/CC12 -> 0
A13: Bath and North East Somerset | B13: 69978.03 | C13: =B13-D13 -> 37308.05 | D13: 32669.98 | E13: 7174.73 | F13: 10512.35 | G13: 8064.16 | H13: 2121.9 | I13: 5979.81 | J13: 2160.44 | K13: 264.35 | L13: 1030.31 | M13: 0 | N13: 0 | O13: =EE13*E13 -> 0 | P13: =EF13*E13 -> 0 | Q13: =EG13*E13 -> 6875.8998 | R13: =EH13*E13 -> 0 | S13: =EI13*E13 -> 0 | T13: =EJ13*F13 -> 0 | U13: =EK13*F13 -> 10512.35 | V13: =EL13*F13 -> 0 | W13: =EM13*F13 -> 0 | X13: =EN13*F13 -> 0 | Y13: =EO13*F13 -> 0 | Z13: =EP13*G13 -> 8064.16 | AA13: =EQ13*G13 -> 0 | AB13: =ER13*G13 -> 0 | AC13: =ES13*G13 -> 0 | AD13: =ET13*G13 -> 0 | AE13: =EU13*H13 -> 2121.9 | AF13: =EV13*H13 -> 0 | AG13: =EW13*H13 -> 0 | AH13: =EX13*H13 -> 0 | AI13: =EY13*I13 -> 5979.81 | AJ13: =EZ13*I13 -> 0 | AK13: =FA13*I13 -> 0 | AL13: =FB13*I13 -> 0 | AM13: =FC13*I13 -> 0 | AN13: =FD13*J13 -> 2157.6473 | AO13: =FE13*J13 -> 2.7927107 | AP13: =FF13*J13 -> 0 | AQ13: =FG13*J13 -> 0 | AR13: =FH13*K13 -> 264.35 | AS13: =FI13*K13 -> 0 | AT13: =FJ13*K13 -> 0 | AU13: =FK13*K13 -> 0 | AV13: =FL13*K13 -> 0 | AW13: =FM13*L13 -> 1030.31 | AX13: =FN13*L13 -> 0 | AY13: =FO13*L13 -> 0 | AZ13: =FP13*L13 -> 0 | BA13: =FQ13*L13 -> 0 | BB13: =FR13*L13 -> 0 | BC13: =FS13*M13 -> 0 | BD13: =FT13*M13 -> 0 | BE13: =FU13*M13 -> 0 | BF13: =FV13*M13 -> 0 | BG13: =FW13*M13 -> 0 | BH13: =FX13*M13 -> 0 | BI13: =FY13*M13 -> 0 | BJ13: =FZ13*M13 -> 0 | BK13: =GA13*N13 -> 0 | BL13: =GB13*N13 -> 0 | BM13: =GC13*N13 -> 0 | BN13: =GD13*N13 -> 0 | BO13: =GE13*N13 -> 0 | BP13: Bath and North East Somerset | BQ13: 140325.16 | BR13: =BZ13+CX13+EC13+FA13+FU13+GS13+HM13+IK13+JM13+KW13 -> 9488 | BS13: 70811.67 | BT13: 7468.84 | BU13: 10512.35 | BV13: 16781.51 | BW13: 2921.73 | BX13: 9066.03 | BY13: 8811.3 | BZ13: 327.93 | CA13: 1325.7 | CB13: 8481.59 | CC13: 3816.51 | CD13: 0 | CE13: 0 | CF13: 7157.76 | CG13: 0 | CH13: 0 | CI13: 0 | CJ13: 10512.35 | CK13: 0 | CL13: 0 | CM13: 0 | CN13: 0 | CO13: 16781.51 | CP13: 0 | CQ13: 0 | CR13: 0 | CS13: 0 | CT13: 2921.73 | CU13: 0 | CV13: 0 | CW13: 0 | CX13: 9066.03 | CY13: 0 | CZ13: 0 | DA13: 0 | DB13: 0 | DC13: 8799.91 | DD13: 11.39 | DE13: 0 | DF13: 0 | DG13: 327.93 | DH13: 0 | DI13: 0 | DJ13: 0 | DK13: 0 | DL13: 1325.7 | DM13: 0 | DN13: 0 | DO13: 0 | DP13: 0 | DQ13: 0 | DR13: 5981.04 | DS13: 0 | DT13: 0 | DU13: 1.79 | DV13: 0 | DW13: 2492.79 | DX13: 0 | DY13: 5.97 | DZ13: 3708.03 | EA13: 0 | EB13: 14.44 | EC13: 94.04 | ED13: 0 | EE13: =CD13/BT13 -> 0 | EF13: =CE13/BT13 -> 0 | EG13: =CF13/BT13 -> 0.95834962 | EH13: =CG13/BT13 -> 0 | EI13: =CH13/BT13 -> 0 | EJ13: =CI13/BU13 -> 0 | EK13: =CJ13/BU13 -> 1 | EL13: =CK13/BU13 -> 0 | EM13: =CL13/BU13 -> 0 | EN13: =CM13/BU13 -> 0 | EO13: =CN13/BU13 -> 0 | EP13: =CO13/BV13 -> 1 | EQ13: =CP13/BV13 -> 0 | ER13: =CQ13/BV13 -> 0 | ES13: =CR13/BV13 -> 0 | ET13: =CS13/BV13 -> 0 | EU13: =CT13/BW13 -> 1 | EV13: =CU13/BW13 -> 0 | EW13: =CV13/BW13 -> 0 | EX13: =CW13/BW13 -> 0 | EY13: =CX13/BX13 -> 1 | EZ13: =CY13/BX13 -> 0 | FA13: =CZ13/BX13 -> 0 | FB13: =DA13/BX13 -> 0 | FC13: =DB13/BX13 -> 0 | FD13: =DC13/BY13 -> 0.99870734 | FE13: =DD13/BY13 -> 0.0012926583 | FF13: =DE13/BY13 -> 0 | FG13: =DF13/BY13 -> 0 | FH13: =DG13/BZ13 -> 1 | FI13: =DH13/BZ13 -> 0 | FJ13: =DI13/BZ13 -> 0 | FK13: =DJ13/BZ13 -> 0 | FL13: =DK13/BZ13 -> 0 | FM13: =DL13/CA13 -> 1 | FN13: =DM13/CA13 -> 0 | FO13: =DN13/CA13 -> 0 | FP13: =DO13/CA13 -> 0 | FQ13: =DP13/CA13 -> 0 | FR13: =DQ13/CA13 -> 0 | FS13: =DR13/CB13 -> 0.7051791 | FT13: =DS13/CB13 -> 0 | FU13: =DT13/CB13 -> 0 | FV13: =DU13/CB13 -> 0.00021104533 | FW13: =DV13/CB13 -> 0 | FX13: =DW13/CB13 -> 0.29390598 | FY13: =DX13/CB13 -> 0 | FZ13: =DY13/CB13 -> 0.00070387746 | GA13: =DZ13/CC13 -> 0.97157613 | GB13: =EA13/CC13 -> 0 | GC13: =EB13/CC13 -> 0.0037835614 | GD13: =EC13/CC13 -> 0.024640313 | GE13: =ED13/CC13 -> 0
A14: Bedford | B14: 60892.15 | C14: =B14-D14 -> 27368.317 | D14: 33523.833 | E14: 0 | F14: 11354.52 | G14: 8190.3983 | H14: 1718.201 | I14: 3421.8756 | J14: 1661.4424 | K14: 223.58 | L14: 798.3 | M14: 0 | N14: 0 | O14: =EE14*E14 -> 0 | P14: =EF14*E14 -> 0 | Q14: =EG14*E14 -> 0 | R14: =EH14*E14 -> 0 | S14: =EI14*E14 -> 0 | T14: =EJ14*F14 -> 0 | U14: =EK14*F14 -> 11354.52 | V14: =EL14*F14 -> 0 | W14: =EM14*F14 -> 0 | X14: =EN14*F14 -> 0 | Y14: =EO14*F14 -> 0 | Z14: =EP14*G14 -> 8190.3983 | AA14: =EQ14*G14 -> 0 | AB14: =ER14*G14 -> 0 | AC14: =ES14*G14 -> 0 | AD14: =ET14*G14 -> 0 | AE14: =EU14*H14 -> 1677.908 | AF14: =EV14*H14 -> 40.29298 | AG14: =EW14*H14 -> 0 | AH14: =EX14*H14 -> 0 | AI14: =EY14*I14 -> 3421.8756 | AJ14: =EZ14*I14 -> 0 | AK14: =FA14*I14 -> 0 | AL14: =FB14*I14 -> 0 | AM14: =FC14*I14 -> 0 | AN14: =FD14*J14 -> 1655.8433 | AO14: =FE14*J14 -> 5.5990964 | AP14: =FF14*J14 -> 0 | AQ14: =FG14*J14 -> 0 | AR14: =FH14*K14 -> 219.36489 | AS14: =FI14*K14 -> 4.2151094 | AT14: =FJ14*K14 -> 0 | AU14: =FK14*K14 -> 0 | AV14: =FL14*K14 -> 0 | AW14: =FM14*L14 -> 786.68469 | AX14: =FN14*L14 -> 11.615306 | AY14: =FO14*L14 -> 0 | AZ14: =FP14*L14 -> 0 | BA14: =FQ14*L14 -> 0 | BB14: =FR14*L14 -> 0 | BC14: =FS14*M14 -> 0 | BD14: =FT14*M14 -> 0 | BE14: =FU14*M14 -> 0 | BF14: =FV14*M14 -> 0 | BG14: =FW14*M14 -> 0 | BH14: =FX14*M14 -> 0 | BI14: =FY14*M14 -> 0 | BJ14: =FZ14*M14 -> 0 | BK14: =GA14*N14 -> 0 | BL14: =GB14*N14 -> 0 | BM14: =GC14*N14 -> 0 | BN14: =GD14*N14 -> 0 | BO14: =GE14*N14 -> 0 | BP14: Bedford | BQ14: 145003.18 | BR14: =BZ14+CX14+EC14+FA14+FU14+GS14+HM14+IK14+JM14+KW14 -> 5650.104 | BS14: 111095.19 | BT14: 0 | BU14: 11817.08 | BV14: 7195.86 | BW14: 2169.66 | BX14: 5415.55 | BY14: 1439.16 | BZ14: 234.554 | CA14: 743.64 | CB14: 4225.56 | CC14: 666.92 | CD14: 0 | CE14: 0 | CF14: 0 | CG14: 0 | CH14: 0 | CI14: 0 | CJ14: 11817.08 | CK14: 0 | CL14: 0 | CM14: 0 | CN14: 0 | CO14: 7195.86 | CP14: 0 | CQ14: 0 | CR14: 0 | CS14: 0 | CT14: 2118.78 | CU14: 50.88 | CV14: 0 | CW14: 0 | CX14: 5415.55 | CY14: 0 | CZ14: 0 | DA14: 0 | DB14: 0 | DC14: 1434.31 | DD14: 4.85 | DE14: 0 | DF14: 0 | DG14: 230.132 | DH14: 4.422 | DI14: 0 | DJ14: 0 | DK14: 0 | DL14: 732.82 | DM14: 10.82 | DN14: 0 | DO14: 0 | DP14: 0 | DQ14: 0 | DR14: 2118.74 | DS14: 0 | DT14: 0 | DU14: 0 | DV14: 0 | DW14: 2106.82 | DX14: 0 | DY14: 0 | DZ14: 646.39 | EA14: 20.53 | EB14: 0 | EC14: 0 | ED14: 0 | EE14: 0 | EF14: 0 | EG14: 0 | EH14: 0 | EI14: 0 | EJ14: =CI14/BU14 -> 0 | EK14: =CJ14/BU14 -> 1 | EL14: =CK14/BU14 -> 0 | EM14: =CL14/BU14 -> 0 | EN14: =CM14/BU14 -> 0 | EO14: =CN14/BU14 -> 0 | EP14: =CO14/BV14 -> 1 | EQ14: =CP14/BV14 -> 0 | ER14: =CQ14/BV14 -> 0 | ES14: =CR14/BV14 -> 0 | ET14: =CS14/BV14 -> 0 | EU14: =CT14/BW14 -> 0.97654932 | EV14: =CU14/BW14 -> 0.023450679 | EW14: =CV14/BW14 -> 0 | EX14: =CW14/BW14 -> 0 | EY14: =CX14/BX14 -> 1 | EZ14: =CY14/BX14 -> 0 | FA14: =CZ14/BX14 -> 0 | FB14: =DA14/BX14 -> 0 | FC14: =DB14/BX14 -> 0 | FD14: =DC14/BY14 -> 0.99662998 | FE14: =DD14/BY14 -> 0.0033700214 | FF14: =DE14/BY14 -> 0 | FG14: =DF14/BY14 -> 0 | FH14: =DG14/BZ14 -> 0.9811472 | FI14: =DH14/BZ14 -> 0.018852801 | FJ14: =DI14/BZ14 -> 0 | FK14: =DJ14/BZ14 -> 0 | FL14: =DK14/BZ14 -> 0 | FM14: =DL14/CA14 -> 0.98544995 | FN14: =DM14/CA14 -> 0.014550051 | FO14: =DN14/CA14 -> 0 | FP14: =DO14/CA14 -> 0 | FQ14: =DP14/CA14 -> 0 | FR14: =DQ14/CA14 -> 0 | FS14: =DR14/CB14 -> 0.50141046 | FT14: =DS14/CB14 -> 0 | FU14: =DT14/CB14 -> 0 | FV14: =DU14/CB14 -> 0 | FW14: =DV14/CB14 -> 0 | FX14: =DW14/CB14 -> 0.49858954 | FY14: =DX14/CB14 -> 0 | FZ14: =DY14/CB14 -> 0 | GA14: =DZ14/CC14 -> 0.9692167 | GB14: =EA14/CC14 -> 0.030783302 | GC14: =EB14/CC14 -> 0 | GD14: =EC14/CC14 -> 0 | GE14: =ED14/CC14 -> 0
A15: Bexley | B15: 74128.09 | C15: =B15-D15 -> 37672.218 | D15: 36455.872 | E15: 4861.01 | F15: 11015.87 | G15: 7432.2344 | H15: 2835.6228 | I15: 8272.725 | J15: 2062.416 | K15: 509.96 | L15: 682.38 | M15: 0 | N15: 0 | O15: =EE15*E15 -> 0 | P15: =EF15*E15 -> 0 | Q15: =EG15*E15 -> 4861.01 | R15: =EH15*E15 -> 0 | S15: =EI15*E15 -> 0 | T15: =EJ15*F15 -> 0 | U15: =EK15*F15 -> 11015.87 | V15: =EL15*F15 -> 0 | W15: =EM15*F15 -> 0 | X15: =EN15*F15 -> 0 | Y15: =EO15*F15 -> 0 | Z15: =EP15*G15 -> 7432.2344 | AA15: =EQ15*G15 -> 0 | AB15: =ER15*G15 -> 0 | AC15: =ES15*G15 -> 0 | AD15: =ET15*G15 -> 0 | AE15: =EU15*H15 -> 2835.6228 | AF15: =EV15*H15 -> 0 | AG15: =EW15*H15 -> 0 | AH15: =EX15*H15 -> 0 | AI15: =EY15*I15 -> 8272.725 | AJ15: =EZ15*I15 -> 0 | AK15: =FA15*I15 -> 0 | AL15: =FB15*I15 -> 0 | AM15: =FC15*I15 -> 0 | AN15: =FD15*J15 -> 2061.1221 | AO15: =FE15*J15 -> 1.2939283 | AP15: =FF15*J15 -> 0 | AQ15: =FG15*J15 -> 0 | AR15: =FH15*K15 -> 509.96 | AS15: =FI15*K15 -> 0 | AT15: =FJ15*K15 -> 0 | AU15: =FK15*K15 -> 0 | AV15: =FL15*K15 -> 0 | AW15: =FM15*L15 -> 682.38 | AX15: =FN15*L15 -> 0 | AY15: =FO15*L15 -> 0 | AZ15: =FP15*L15 -> 0 | BA15: =FQ15*L15 -> 0 | BB15: =FR15*L15 -> 0 | BC15: =FS15*M15 -> 0 | BD15: =FT15*M15 -> 0 | BE15: =FU15*M15 -> 0 | BF15: =FV15*M15 -> 0 | BG15: =FW15*M15 -> 0 | BH15: =FX15*M15 -> 0 | BI15: =FY15*M15 -> 0 | BJ15: =FZ15*M15 -> 0 | BK15: =GA15*N15 -> 0 | BL15: =GB15*N15 -> 0 | BM15: =GC15*N15 -> 0 | BN15: =GD15*N15 -> 0 | BO15: =GE15*N15 -> 0 | BP15: Bexley | BQ15: 192268.11 | BR15: =BZ15+CX15+EC15+FA15+FU15+GS15+HM15+IK15+JM15+KW15 -> 7803.24 | BS15: 140672.87 | BT15: 4861.01 | BU15: 11167.01 | BV15: 8017.92 | BW15: 2325.12 | BX15: 6504.91 | BY15: 12687.59 | BZ15: 1298.33 | CA15: 1171.34 | CB15: 2255.86 | CC15: 1306.15 | CD15: 0 | CE15: 0 | CF15: 4861.01 | CG15: 0 | CH15: 0 | CI15: 0 | CJ15: 11167.01 | CK15: 0 | CL15: 0 | CM15: 0 | CN15: 0 | CO15: 8017.92 | CP15: 0 | CQ15: 0 | CR15: 0 | CS15: 0 | CT15: 2325.12 | CU15: 0 | CV15: 0 | CW15: 0 | CX15: 6504.91 | CY15: 0 | CZ15: 0 | DA15: 0 | DB15: 0 | DC15: 12679.63 | DD15: 7.96 | DE15: 0 | DF15: 0 | DG15: 1298.33 | DH15: 0 | DI15: 0 | DJ15: 0 | DK15: 0 | DL15: 1171.34 | DM15: 0 | DN15: 0 | DO15: 0 | DP15: 0 | DQ15: 0 | DR15: 1515.83 | DS15: 0 | DT15: 0 | DU15: 47.84 | DV15: 0 | DW15: 692.19 | DX15: 0 | DY15: 0 | DZ15: 1289.84 | EA15: 16.31 | EB15: 0 | EC15: 0 | ED15: 0 | EE15: =CD15/BT15 -> 0 | EF15: =CE15/BT15 -> 0 | EG15: =CF15/BT15 -> 1 | EH15: =CG15/BT15 -> 0 | EI15: =CH15/BT15 -> 0 | EJ15: =CI15/BU15 -> 0 | EK15: =CJ15/BU15 -> 1 | EL15: =CK15/BU15 -> 0 | EM15: =CL15/BU15 -> 0 | EN15: =CM15/BU15 -> 0 | EO15: =CN15/BU15 -> 0 | EP15: =CO15/BV15 -> 1 | EQ15: =CP15/BV15 -> 0 | ER15: =CQ15/BV15 -> 0 | ES15: =CR15/BV15 -> 0 | ET15: =CS15/BV15 -> 0 | EU15: =CT15/BW15 -> 1 | EV15: =CU15/BW15 -> 0 | EW15: =CV15/BW15 -> 0 | EX15: =CW15/BW15 -> 0 | EY15: =CX15/BX15 -> 1 | EZ15: =CY15/BX15 -> 0 | FA15: =CZ15/BX15 -> 0 | FB15: =DA15/BX15 -> 0 | FC15: =DB15/BX15 -> 0 | FD15: =DC15/BY15 -> 0.99937262 | FE15: =DD15/BY15 -> 0.00062738471 | FF15: =DE15/BY15 -> 0 | FG15: =DF15/BY15 -> 0 | FH15: =DG15/BZ15 -> 1 | FI15: =DH15/BZ15 -> 0 | FJ15: =DI15/BZ15 -> 0 | FK15: =DJ15/BZ15 -> 0 | FL15: =DK15/BZ15 -> 0 | FM15: =DL15/CA15 -> 1 | FN15: =DM15/CA15 -> 0 | FO15: =DN15/CA15 -> 0 | FP15: =DO15/CA15 -> 0 | FQ15: =DP15/CA15 -> 0 | FR15: =DQ15/CA15 -> 0 | FS15: =DR15/CB15 -> 0.67195216 | FT15: =DS15/CB15 -> 0 | FU15: =DT15/CB15 -> 0 | FV15: =DU15/CB15 -> 0.02120699 | FW15: =DV15/CB15 -> 0 | FX15: =DW15/CB15 -> 0.30684085 | FY15: =DX15/CB15 -> 0 | FZ15: =DY15/CB15 -> 0 | GA15: =DZ15/CC15 -> 0.98751292 | GB15: =EA15/CC15 -> 0.01248708 | GC15: =EB15/CC15 -> 0 | GD15: =EC15/CC15 -> 0 | GE15: =ED15/CC15 -> 0
A16: Birmingham | B16: 352425.37 | C16: =B16-D16 -> 102561.15 | D16: 249864.22 | E16: 0 | F16: 25937.7 | G16: 17439.27 | H16: 8171.7663 | I16: 16835.13 | J16: 5785.014 | K16: 629.26 | L16: 1969.16 | M16: 0 | N16: 25793.851 | O16: =EE16*E16 -> 0 | P16: =EF16*E16 -> 0 | Q16: =EG16*E16 -> 0 | R16: =EH16*E16 -> 0 | S16: =EI16*E16 -> 0 | T16: =EJ16*F16 -> 0 | U16: =EK16*F16 -> 25937.7 | V16: =EL16*F16 -> 0 | W16: =EM16*F16 -> 0 | X16: =EN16*F16 -> 0 | Y16: =EO16*F16 -> 0 | Z16: =EP16*G16 -> 17439.27 | AA16: =EQ16*G16 -> 0 | AB16: =ER16*G16 -> 0 | AC16: =ES16*G16 -> 0 | AD16: =ET16*G16 -> 0 | AE16: =EU16*H16 -> 8171.7663 | AF16: =EV16*H16 -> 0 | AG16: =EW16*H16 -> 0 | AH16: =EX16*H16 -> 0 | AI16: =EY16*I16 -> 16835.13 | AJ16: =EZ16*I16 -> 0 | AK16: =FA16*I16 -> 0 | AL16: =FB16*I16 -> 0 | AM16: =FC16*I16 -> 0 | AN16: =FD16*J16 -> 5785.014 | AO16: =FE16*J16 -> 0 | AP16: =FF16*J16 -> 0 | AQ16: =FG16*J16 -> 0 | AR16: =FH16*K16 -> 629.26 | AS16: =FI16*K16 -> 0 | AT16: =FJ16*K16 -> 0 | AU16: =FK16*K16 -> 0 | AV16: =FL16*K16 -> 0 | AW16: =FM16*L16 -> 1800.2533 | AX16: =FN16*L16 -> 0 | AY16: =FO16*L16 -> 0 | AZ16: =FP16*L16 -> 0 | BA16: =FQ16*L16 -> 0 | BB16: =FR16*L16 -> 168.90672 | BC16: =FS16*M16 -> 0 | BD16: =FT16*M16 -> 0 | BE16: =FU16*M16 -> 0 | BF16: =FV16*M16 -> 0 | BG16: =FW16*M16 -> 0 | BH16: =FX16*M16 -> 0 | BI16: =FY16*M16 -> 0 | BJ16: =FZ16*M16 -> 0 | BK16: =GA16*N16 -> 24682.808 | BL16: =GB16*N16 -> 1111.0434 | BM16: =GC16*N16 -> 0 | BN16: =GD16*N16 -> 0 | BO16: =GE16*N16 -> 0 | BP16: Birmingham | BQ16: 905545.04 | BR16: =BZ16+CX16+EC16+FA16+FU16+GS16+HM16+IK16+JM16+KW16 -> 15468.44 | BS16: 771352.24 | BT16: 0 | BU16: 25937.7 | BV16: 35377.04 | BW16: 6997.4 | BX16: 13443.35 | BY16: 17300.53 | BZ16: 2025.09 | CA16: 6075.94 | CB16: 19103.58 | CC16: 7932.17 | CD16: 0 | CE16: 0 | CF16: 0 | CG16: 0 | CH16: 0 | CI16: 0 | CJ16: 25937.7 | CK16: 0 | CL16: 0 | CM16: 0 | CN16: 0 | CO16: 35377.04 | CP16: 0 | CQ16: 0 | CR16: 0 | CS16: 0 | CT16: 6997.4 | CU16: 0 | CV16: 0 | CW16: 0 | CX16: 13443.35 | CY16: 0 | CZ16: 0 | DA16: 0 | DB16: 0 | DC16: 17300.53 | DD16: 0 | DE16: 0 | DF16: 0 | DG16: 2025.09 | DH16: 0 | DI16: 0 | DJ16: 0 | DK16: 0 | DL16: 5554.77 | DM16: 0 | DN16: 0 | DO16: 0 | DP16: 0 | DQ16: 521.17 | DR16: 19103.58 | DS16: 0 | DT16: 0 | DU16: 0 | DV16: 0 | DW16: 0 | DX16: 0 | DY16: 0 | DZ16: 7590.5 | EA16: 341.67 | EB16: 0 | EC16: 0 | ED16: 0 | EE16: 0 | EF16: 0 | EG16: 0 | EH16: 0 | EI16: 0 | EJ16: =CI16/BU16 -> 0 | EK16: =CJ16/BU16 -> 1 | EL16: =CK16/BU16 -> 0 | EM16: =CL16/BU16 -> 0 | EN16: =CM16/BU16 -> 0 | EO16: =CN16/BU16 -> 0 | EP16: =CO16/BV16 -> 1 | EQ16: =CP16/BV16 -> 0 | ER16: =CQ16/BV16 -> 0 | ES16: =CR16/BV16 -> 0 | ET16: =CS16/BV16 -> 0 | EU16: =CT16/BW16 -> 1 | EV16: =CU16/BW16 -> 0 | EW16: =CV16/BW16 -> 0 | EX16: =CW16/BW16 -> 0 | EY16: =CX16/BX16 -> 1 | EZ16: =CY16/BX16 -> 0 | FA16: =CZ16/BX16 -> 0 | FB16: =DA16/BX16 -> 0 | FC16: =DB16/BX16 -> 0 | FD16: =DC16/BY16 -> 1 | FE16: =DD16/BY16 -> 0 | FF16: =DE16/BY16 -> 0 | FG16: =DF16/BY16 -> 0 | FH16: =DG16/BZ16 -> 1 | FI16: =DH16/BZ16 -> 0 | FJ16: =DI16/BZ16 -> 0 | FK16: =DJ16/BZ16 -> 0 | FL16: =DK16/BZ16 -> 0 | FM16: =DL16/CA16 -> 0.91422397 | FN16: =DM16/CA16 -> 0 | FO16: =DN16/CA16 -> 0 | FP16: =DO16/CA16 -> 0 | FQ16: =DP16/CA16 -> 0 | FR16: =DQ16/CA16 -> 0.085776028 | FS16: =DR16/CB16 -> 1 | FT16: =DS16/CB16 -> 0 | FU16: =DT16/CB16 -> 0 | FV16: =DU16/CB16 -> 0 | FW16: =DV16/CB16 -> 0 | FX16: =DW16/CB16 -> 0 | FY16: =DX16/CB16 -> 0 | FZ16: =DY16/CB16 -> 0 | GA16: =DZ16/CC16 -> 0.95692604 | GB16: =EA16/CC16 -> 0.043073963 | GC16: =EB16/CC16 -> 0 | GD16: =EC16/CC16 -> 0 | GE16: =ED16/CC16 -> 0
A17: Blaby | B17: 25481.105 | C17: =B17-D17 -> 16172.84 | D17: 9308.2653 | E17: 0 | F17: 5889.82 | G17: 4665.4412 | H17: 1232.1978 | I17: 3635.6073 | J17: 613.73344 | K17: 105.85 | L17: 30.19 | M17: 0 | N17: 0 | O17: =EE17*E17 -> 0 | P17: =EF17*E17 -> 0 | Q17: =EG17*E17 -> 0 | R17: =EH17*E17 -> 0 | S17: =EI17*E17 -> 0 | T17: =EJ17*F17 -> 0 | U17: =EK17*F17 -> 5889.82 | V17: =EL17*F17 -> 0 | W17: =EM17*F17 -> 0 | X17: =EN17*F17 -> 0 | Y17: =EO17*F17 -> 0 | Z17: =EP17*G17 -> 4665.4412 | AA17: =EQ17*G17 -> 0 | AB17: =ER17*G17 -> 0 | AC17: =ES17*G17 -> 0 | AD17: =ET17*G17 -> 0 | AE17: =EU17*H17 -> 1232.1978 | AF17: =EV17*H17 -> 0 | AG17: =EW17*H17 -> 0 | AH17: =EX17*H17 -> 0 | AI17: =EY17*I17 -> 3635.6073 | AJ17: =EZ17*I17 -> 0 | AK17: =FA17*I17 -> 0 | AL17: =FB17*I17 -> 0 | AM17: =FC17*I17 -> 0 | AN17: =FD17*J17 -> 613.73344 | AO17: =FE17*J17 -> 0 | AP17: =FF17*J17 -> 0 | AQ17: =FG17*J17 -> 0 | AR17: =FH17*K17 -> 82.202729 | AS17: =FI17*K17 -> 23.647271 | AT17: =FJ17*K17 -> 0 | AU17: =FK17*K17 -> 0 | AV17: =FL17*K17 -> 0 | AW17: =FM17*L17 -> 30.19 | AX17: =FN17*L17 -> 0 | AY17: =FO17*L17 -> 0 | AZ17: =FP17*L17 -> 0 | BA17: =FQ17*L17 -> 0 | BB17: =FR17*L17 -> 0 | BC17: =FS17*M17 -> 0 | BD17: =FT17*M17 -> 0 | BE17: =FU17*M17 -> 0 | BF17: =FV17*M17 -> 0 | BG17: =FW17*M17 -> 0 | BH17: =FX17*M17 -> 0 | BI17: =FY17*M17 -> 0 | BJ17: =FZ17*M17 -> 0 | BK17: =GA17*N17 -> 0 | BL17: =GB17*N17 -> 0 | BM17: =GC17*N17 -> 0 | BN17: =GD17*N17 -> 0 | BO17: =GE17*N17 -> 0 | BP17: Blaby | BQ17: 26638.082 | BR17: =BZ17+CX17+EC17+FA17+FU17+GS17+HM17+IK17+JM17+KW17 -> 3006.327 | BS17: 12284.571 | BT17: 0 | BU17: 5946.43 | BV17: 3652.95 | BW17: 964.787 | BX17: 2845.027 | BY17: 428.29 | BZ17: 161.3 | CA17: 30.19 | CB17: 0 | CC17: 324.537 | CD17: 0 | CE17: 0 | CF17: 0 | CG17: 0 | CH17: 0 | CI17: 0 | CJ17: 5946.43 | CK17: 0 | CL17: 0 | CM17: 0 | CN17: 0 | CO17: 3652.95 | CP17: 0 | CQ17: 0 | CR17: 0 | CS17: 0 | CT17: 964.787 | CU17: 0 | CV17: 0 | CW17: 0 | CX17: 2845.027 | CY17: 0 | CZ17: 0 | DA17: 0 | DB17: 0 | DC17: 428.29 | DD17: 0 | DE17: 0 | DF17: 0 | DG17: 125.265 | DH17: 36.035 | DI17: 0 | DJ17: 0 | DK17: 0 | DL17: 30.19 | DM17: 0 | DN17: 0 | DO17: 0 | DP17: 0 | DQ17: 0 | DR17: 0 | DS17: 0 | DT17: 0 | DU17: 0 | DV17: 0 | DW17: 0 | DX17: 0 | DY17: 0 | DZ17: 238.024 | EA17: 86.513 | EB17: 0 | EC17: 0 | ED17: 0 | EE17: 0 | EF17: 0 | EG17: 0 | EH17: 0 | EI17: 0 | EJ17: =CI17/BU17 -> 0 | EK17: =CJ17/BU17 -> 1 | EL17: =CK17/BU17 -> 0 | EM17: =CL17/BU17 -> 0 | EN17: =CM17/BU17 -> 0 | EO17: =CN17/BU17 -> 0 | EP17: =CO17/BV17 -> 1 | EQ17: =CP17/BV17 -> 0 | ER17: =CQ17/BV17 -> 0 | ES17: =CR17/BV17 -> 0 | ET17: =CS17/BV17 -> 0 | EU17: =CT17/BW17 -> 1 | EV17: =CU17/BW17 -> 0 | EW17: =CV17/BW17 -> 0 | EX17: =CW17/BW17 -> 0 | EY17: =CX17/BX17 -> 1 | EZ17: =CY17/BX17 -> 0 | FA17: =CZ17/BX17 -> 0 | FB17: =DA17/BX17 -> 0 | FC17: =DB17/BX17 -> 0 | FD17: =DC17/BY17 -> 1 | FE17: =DD17/BY17 -> 0 | FF17: =DE17/BY17 -> 0 | FG17: =DF17/BY17 -> 0 | FH17: =DG17/BZ17 -> 0.7765964 | FI17: =DH17/BZ17 -> 0.2234036 | FJ17: =DI17/BZ17 -> 0 | FK17: =DJ17/BZ17 -> 0 | FL17: =DK17/BZ17 -> 0 | FM17: =DL17/CA17 -> 1 | FN17: =DM17/CA17 -> 0 | FO17: =DN17/CA17 -> 0 | FP17: =DO17/CA17 -> 0 | FQ17: =DP17/CA17 -> 0 | FR17: =DQ17/CA17 -> 0 | FS17: 0 | FT17: 0 | FU17: 0 | FV17: 0 | FW17: 0 | FX17: 0 | FY17: 0 | FZ17: 0 | GA17: =DZ17/CC17 -> 0.73342639 | GB17: =EA17/CC17 -> 0.26657361 | GC17: =EB17/CC17 -> 0 | GD17: =EC17/CC17 -> 0 | GE17: =ED17/CC17 -> 0
A18: Blackburn with Darwen | B18: 46299.189 | C18: =B18-D18 -> 15663.193 | D18: 30635.996 | E18: 0 | F18: 3708.99 | G18: 5904.1959 | H18: 1043.9436 | I18: 3151.8138 | J18: 1342.6803 | K18: 126.88 | L18: 384.689 | M18: 0 | N18: 0 | O18: =EE18*E18 -> 0 | P18: =EF18*E18 -> 0 | Q18: =EG18*E18 -> 0 | R18: =EH18*E18 -> 0 | S18: =EI18*E18 -> 0 | T18: =EJ18*F18 -> 0 | U18: =EK18*F18 -> 3708.99 | V18: =EL18*F18 -> 0 | W18: =EM18*F18 -> 0 | X18: =EN18*F18 -> 0 | Y18: =EO18*F18 -> 0 | Z18: =EP18*G18 -> 5904.1959 | AA18: =EQ18*G18 -> 0 | AB18: =ER18*G18 -> 0 | AC18: =ES18*G18 -> 0 | AD18: =ET18*G18 -> 0 | AE18: =EU18*H18 -> 1043.9436 | AF18: =EV18*H18 -> 0 | AG18: =EW18*H18 -> 0 | AH18: =EX18*H18 -> 0 | AI18: =EY18*I18 -> 3151.8138 | AJ18: =EZ18*I18 -> 0 | AK18: =FA18*I18 -> 0 | AL18: =FB18*I18 -> 0 | AM18: =FC18*I18 -> 0 | AN18: =FD18*J18 -> 1339.9736 | AO18: =FE18*J18 -> 2.7067589 | AP18: =FF18*J18 -> 0 | AQ18: =FG18*J18 -> 0 | AR18: =FH18*K18 -> 72.510719 | AS18: =FI18*K18 -> 54.369281 | AT18: =FJ18*K18 -> 0 | AU18: =FK18*K18 -> 0 | AV18: =FL18*K18 -> 0 | AW18: =FM18*L18 -> 384.689 | AX18: =FN18*L18 -> 0 | AY18: =FO18*L18 -> 0 | AZ18: =FP18*L18 -> 0 | BA18: =FQ18*L18 -> 0 | BB18: =FR18*L18 -> 0 | BC18: =FS18*M18 -> 0 | BD18: =FT18*M18 -> 0 | BE18: =FU18*M18 -> 0 | BF18: =FV18*M18 -> 0 | BG18: =FW18*M18 -> 0 | BH18: =FX18*M18 -> 0 | BI18: =FY18*M18 -> 0 | BJ18: =FZ18*M18 -> 0 | BK18: =GA18*N18 -> 0 | BL18: =GB18*N18 -> 0 | BM18: =GC18*N18 -> 0 | BN18: =GD18*N18 -> 0 | BO18: =GE18*N18 -> 0 | BP18: Blackburn with Darwen | BQ18: 116449.09 | BR18: =BZ18+CX18+EC18+FA18+FU18+GS18+HM18+IK18+JM18+KW18 -> 3776.536 | BS18: 92776.07 | BT18: 0 | BU18: 3709.02 | BV18: 6186.44 | BW18: 954.95 | BX18: 3550.59 | BY18: 4251.125 | BZ18: 225.946 | CA18: 4794.25 | CB18: 0 | CC18: 0.7 | CD18: 0 | CE18: 0 | CF18: 0 | CG18: 0 | CH18: 0 | CI18: 0 | CJ18: 3709.02 | CK18: 0 | CL18: 0 | CM18: 0 | CN18: 0 | CO18: 6186.44 | CP18: 0 | CQ18: 0 | CR18: 0 | CS18: 0 | CT18: 954.95 | CU18: 0 | CV18: 0 | CW18: 0 | CX18: 3550.59 | CY18: 0 | CZ18: 0 | DA18: 0 | DB18: 0 | DC18: 4242.555 | DD18: 8.57 | DE18: 0 | DF18: 0 | DG18: 129.126 | DH18: 96.82 | DI18: 0 | DJ18: 0 | DK18: 0 | DL18: 4794.25 | DM18: 0 | DN18: 0 | DO18: 0 | DP18: 0 | DQ18: 0 | DR18: 0 | DS18: 0 | DT18: 0 | DU18: 0 | DV18: 0 | DW18: 0 | DX18: 0 | DY18: 0 | DZ18: 0 | EA18: 0.7 | EB18: 0 | EC18: 0 | ED18: 0 | EE18: 0 | EF18: 0 | EG18: 0 | EH18: 0 | EI18: 0 | EJ18: =CI18/BU18 -> 0 | EK18: =CJ18/BU18 -> 1 | EL18: =CK18/BU18 -> 0 | EM18: =CL18/BU18 -> 0 | EN18: =CM18/BU18 -> 0 | EO18: =CN18/BU18 -> 0 | EP18: =CO18/BV18 -> 1 | EQ18: =CP18/BV18 -> 0 | ER18: =CQ18/BV18 -> 0 | ES18: =CR18/BV18 -> 0 | ET18: =CS18/BV18 -> 0 | EU18: =CT18/BW18 -> 1 | EV18: =CU18/BW18 -> 0 | EW18: =CV18/BW18 -> 0 | EX18: =CW18/BW18 -> 0 | EY18: =CX18/BX18 -> 1 | EZ18: =CY18/BX18 -> 0 | FA18: =CZ18/BX18 -> 0 | FB18: =DA18/BX18 -> 0 | FC18: =DB18/BX18 -> 0 | FD18: =DC18/BY18 -> 0.99798406 | FE18: =DD18/BY18 -> 0.002015937 | FF18: =DE18/BY18 -> 0 | FG18: =DF18/BY18 -> 0 | FH18: =DG18/BZ18 -> 0.57149053 | FI18: =DH18/BZ18 -> 0.42850947 | FJ18: =DI18/BZ18 -> 0 | FK18: =DJ18/BZ18 -> 0 | FL18: =DK18/BZ18 -> 0 | FM18: =DL18/CA18 -> 1 | FN18: =DM18/CA18 -> 0 | FO18: =DN18/CA18 -> 0 | FP18: =DO18/CA18 -> 0 | FQ18: =DP18/CA18 -> 0 | FR18: =DQ18/CA18 -> 0 | FS18: 0 | FT18: 0 | FU18: 0 | FV18: 0 | FW18: 0 | FX18: 0 | FY18: 0 | FZ18: 0 | GA18: =DZ18/CC18 -> 0 | GB18: =EA18/CC18 -> 1 | GC18: =EB18/CC18 -> 0 | GD18: =EC18/CC18 -> 0 | GE18: =ED18/CC18 -> 0
A19: Blackpool | B19: 55321.571 | C19: =B19-D19 -> 20014.792 | D19: 35306.779 | E19: 0 | F19: 3165.18 | G19: 3939.22 | H19: 1442.8171 | I19: 5406.4521 | J19: 1652.2481 | K19: 94.16 | L19: 440.92 | M19: 0 | N19: 3873.7946 | O19: =EE19*E19 -> 0 | P19: =EF19*E19 -> 0 | Q19: =EG19*E19 -> 0 | R19: =EH19*E19 -> 0 | S19: =EI19*E19 -> 0 | T19: =EJ19*F19 -> 0 | U19: =EK19*F19 -> 3165.18 | V19: =EL19*F19 -> 0 | W19: =EM19*F19 -> 0 | X19: =EN19*F19 -> 0 | Y19: =EO19*F19 -> 0 | Z19: =EP19*G19 -> 3924.06 | AA19: =EQ19*G19 -> 15.16 | AB19: =ER19*G19 -> 0 | AC19: =ES19*G19 -> 0 | AD19: =ET19*G19 -> 0 | AE19: =EU19*H19 -> 1442.8171 | AF19: =EV19*H19 -> 0 | AG19: =EW19*H19 -> 0 | AH19: =EX19*H19 -> 0 | AI19: =EY19*I19 -> 5406.4521 | AJ19: =EZ19*I19 -> 0 | AK19: =FA19*I19 -> 0 | AL19: =FB19*I19 -> 0 | AM19: =FC19*I19 -> 0 | AN19: =FD19*J19 -> 1652.2481 | AO19: =FE19*J19 -> 0 | AP19: =FF19*J19 -> 0 | AQ19: =FG19*J19 -> 0 | AR19: =FH19*K19 -> 63.37201 | AS19: =FI19*K19 -> 30.78799 | AT19: =FJ19*K19 -> 0 | AU19: =FK19*K19 -> 0 | AV19: =FL19*K19 -> 0 | AW19: =FM19*L19 -> 440.92 | AX19: =FN19*L19 -> 0 | AY19: =FO19*L19 -> 0 | AZ19: =FP19*L19 -> 0 | BA19: =FQ19*L19 -> 0 | BB19: =FR19*L19 -> 0 | BC19: =FS19*M19 -> 0 | BD19: =FT19*M19 -> 0 | BE19: =FU19*M19 -> 0 | BF19: =FV19*M19 -> 0 | BG19: =FW19*M19 -> 0 | BH19: =FX19*M19 -> 0 | BI19: =FY19*M19 -> 0 | BJ19: =FZ19*M19 -> 0 | BK19: =GA19*N19 -> 3843.2531 | BL19: =GB19*N19 -> 30.541503 | BM19: =GC19*N19 -> 0 | BN19: =GD19*N19 -> 0 | BO19: =GE19*N19 -> 0 | BP19: Blackpool | BQ19: 199680.28 | BR19: =BZ19+CX19+EC19+FA19+FU19+GS19+HM19+IK19+JM19+KW19 -> 4371.502 | BS19: 172677.48 | BT19: 0 | BU19: 3165.18 | BV19: 3939.22 | BW19: 1392.7 | BX19: 4128.242 | BY19: 6793.44 | BZ19: 243.26 | CA19: 2103.42 | CB19: 476.38 | CC19: 4760.956 | CD19: 0 | CE19: 0 | CF19: 0 | CG19: 0 | CH19: 0 | CI19: 0 | CJ19: 3165.18 | CK19: 0 | CL19: 0 | CM19: 0 | CN19: 0 | CO19: 3924.06 | CP19: 15.16 | CQ19: 0 | CR19: 0 | CS19: 0 | CT19: 1392.7 | CU19: 0 | CV19: 0 | CW19: 0 | CX19: 4128.242 | CY19: 0 | CZ19: 0 | DA19: 0 | DB19: 0 | DC19: 6793.44 | DD19: 0 | DE19: 0 | DF19: 0 | DG19: 163.72 | DH19: 79.54 | DI19: 0 | DJ19: 0 | DK19: 0 | DL19: 2103.42 | DM19: 0 | DN19: 0 | DO19: 0 | DP19: 0 | DQ19: 0 | DR19: 476.38 | DS19: 0 | DT19: 0 | DU19: 0 | DV19: 0 | DW19: 0 | DX19: 0 | DY19: 0 | DZ19: 4723.42 | EA19: 37.536 | EB19: 0 | EC19: 0 | ED19: 0 | EE19: 0 | EF19: 0 | EG19: 0 | EH19: 0 | EI19: 0 | EJ19: =CI19/BU19 -> 0 | EK19: =CJ19/BU19 -> 1 | EL19: =CK19/BU19 -> 0 | EM19: =CL19/BU19 -> 0 | EN19: =CM19/BU19 -> 0 | EO19: =CN19/BU19 -> 0 | EP19: =CO19/BV19 -> 0.99615152 | EQ19: =CP19/BV19 -> 0.0038484776 | ER19: =CQ19/BV19 -> 0 | ES19: =CR19/BV19 -> 0 | ET19: =CS19/BV19 -> 0 | EU19: =CT19/BW19 -> 1 | EV19: =CU19/BW19 -> 0 | EW19: =CV19/BW19 -> 0 | EX19: =CW19/BW19 -> 0 | EY19: =CX19/BX19 -> 1 | EZ19: =CY19/BX19 -> 0 | FA19: =CZ19/BX19 -> 0 | FB19: =DA19/BX19 -> 0 | FC19: =DB19/BX19 -> 0 | FD19: =DC19/BY19 -> 1 | FE19: =DD19/BY19 -> 0 | FF19: =DE19/BY19 -> 0 | FG19: =DF19/BY19 -> 0 | FH19: =DG19/BZ19 -> 0.67302475 | FI19: =DH19/BZ19 -> 0.32697525 | FJ19: =DI19/BZ19 -> 0 | FK19: =DJ19/BZ19 -> 0 | FL19: =DK19/BZ19 -> 0 | FM19: =DL19/CA19 -> 1 | FN19: =DM19/CA19 -> 0 | FO19: =DN19/CA19 -> 0 | FP19: =DO19/CA19 -> 0 | FQ19: =DP19/CA19 -> 0 | FR19: =DQ19/CA19 -> 0 | FS19: =DR19/CB19 -> 1 | FT19: =DS19/CB19 -> 0 | FU19: =DT19/CB19 -> 0 | FV19: =DU19/CB19 -> 0 | FW19: =DV19/CB19 -> 0 | FX19: =DW19/CB19 -> 0 | FY19: =DX19/CB19 -> 0 | FZ19: =DY19/CB19 -> 0 | GA19: =DZ19/CC19 -> 0.99211587 | GB19: =EA19/CC19 -> 0.0078841308 | GC19: =EB19/CC19 -> 0 | GD19: =EC19/CC19 -> 0 | GE19: =ED19/CC19 -> 0
A20: Bolsover | B20: 25661.212 | C20: =B20-D20 -> 13290.406 | D20: 12370.806 | E20: 0 | F20: 5515.32 | G20: 2861.2671 | H20: 731.24161 | I20: 3691.5065 | J20: 422.94572 | K20: 4.0652348 | L20: 64.06 | M20: 0 | N20: 0 | O20: =EE20*E20 -> 0 | P20: =EF20*E20 -> 0 | Q20: =EG20*E20 -> 0 | R20: =EH20*E20 -> 0 | S20: =EI20*E20 -> 0 | T20: =EJ20*F20 -> 5515.32 | U20: =EK20*F20 -> 0 | V20: =EL20*F20 -> 0 | W20: =EM20*F20 -> 0 | X20: =EN20*F20 -> 0 | Y20: =EO20*F20 -> 0 | Z20: =EP20*G20 -> 2667.0849 | AA20: =EQ20*G20 -> 194.18216 | AB20: =ER20*G20 -> 0 | AC20: =ES20*G20 -> 0 | AD20: =ET20*G20 -> 0 | AE20: =EU20*H20 -> 584.29158 | AF20: =EV20*H20 -> 146.95003 | AG20: =EW20*H20 -> 0 | AH20: =EX20*H20 -> 0 | AI20: =EY20*I20 -> 3691.5065 | AJ20: =EZ20*I20 -> 0 | AK20: =FA20*I20 -> 0 | AL20: =FB20*I20 -> 0 | AM20: =FC20*I20 -> 0 | AN20: =FD20*J20 -> 336.5668 | AO20: =FE20*J20 -> 86.378926 | AP20: =FF20*J20 -> 0 | AQ20: =FG20*J20 -> 0 | AR20: =FH20*K20 -> 0 | AS20: =FI20*K20 -> 4.0652348 | AT20: =FJ20*K20 -> 0 | AU20: =FK20*K20 -> 0 | AV20: =FL20*K20 -> 0 | AW20: =FM20*L20 -> 64.06 | AX20: =FN20*L20 -> 0 | AY20: =FO20*L20 -> 0 | AZ20: =FP20*L20 -> 0 | BA20: =FQ20*L20 -> 0 | BB20: =FR20*L20 -> 0 | BC20: =FS20*M20 -> 0 | BD20: =FT20*M20 -> 0 | BE20: =FU20*M20 -> 0 | BF20: =FV20*M20 -> 0 | BG20: =FW20*M20 -> 0 | BH20: =FX20*M20 -> 0 | BI20: =FY20*M20 -> 0 | BJ20: =FZ20*M20 -> 0 | BK20: =GA20*N20 -> 0 | BL20: =GB20*N20 -> 0 | BM20: =GC20*N20 -> 0 | BN20: =GD20*N20 -> 0 | BO20: =GE20*N20 -> 0 | BP20: Bolsover | BQ20: 23822.839 | BR20: =BZ20+CX20+EC20+FA20+FU20+GS20+HM20+IK20+JM20+KW20 -> 2893.565 | BS20: 11191.198 | BT20: 0 | BU20: 5515.32 | BV20: 2619.906 | BW20: 804.077 | BX20: 2890.382 | BY20: 552.118 | BZ20: 3.183 | CA20: 64.06 | CB20: 0 | CC20: 182.595 | CD20: 0 | CE20: 0 | CF20: 0 | CG20: 0 | CH20: 0 | CI20: 5515.32 | CJ20: 0 | CK20: 0 | CL20: 0 | CM20: 0 | CN20: 0 | CO20: 2442.104 | CP20: 177.802 | CQ20: 0 | CR20: 0 | CS20: 0 | CT20: 642.49 | CU20: 161.587 | CV20: 0 | CW20: 0 | CX20: 2890.382 | CY20: 0 | CZ20: 0 | DA20: 0 | DB20: 0 | DC20: 439.358 | DD20: 112.76 | DE20: 0 | DF20: 0 | DG20: 0 | DH20: 3.183 | DI20: 0 | DJ20: 0 | DK20: 0 | DL20: 64.06 | DM20: 0 | DN20: 0 | DO20: 0 | DP20: 0 | DQ20: 0 | DR20: 0 | DS20: 0 | DT20: 0 | DU20: 0 | DV20: 0 | DW20: 0 | DX20: 0 | DY20: 0 | DZ20: 182.595 | EA20: 0 | EB20: 0 | EC20: 0 | ED20: 0 | EE20: 0 | EF20: 0 | EG20: 0 | EH20: 0 | EI20: 0 | EJ20: =CI20/BU20 -> 1 | EK20: =CJ20/BU20 -> 0 | EL20: =CK20/BU20 -> 0 | EM20: =CL20/BU20 -> 0 | EN20: =CM20/BU20 -> 0 | EO20: =CN20/BU20 -> 0 | EP20: =CO20/BV20 -> 0.93213421 | EQ20: =CP20/BV20 -> 0.067865794 | ER20: =CQ20/BV20 -> 0 | ES20: =CR20/BV20 -> 0 | ET20: =CS20/BV20 -> 0 | EU20: =CT20/BW20 -> 0.79904039 | EV20: =CU20/BW20 -> 0.20095961 | EW20: =CV20/BW20 -> 0 | EX20: =CW20/BW20 -> 0 | EY20: =CX20/BX20 -> 1 | EZ20: =CY20/BX20 -> 0 | FA20: =CZ20/BX20 -> 0 | FB20: =DA20/BX20 -> 0 | FC20: =DB20/BX20 -> 0 | FD20: =DC20/BY20 -> 0.7957683 | FE20: =DD20/BY20 -> 0.2042317 | FF20: =DE20/BY20 -> 0 | FG20: =DF20/BY20 -> 0 | FH20: =DG20/BZ20 -> 0 | FI20: =DH20/BZ20 -> 1 | FJ20: =DI20/BZ20 -> 0 | FK20: =DJ20/BZ20 -> 0 | FL20: =DK20/BZ20 -> 0 | FM20: =DL20/CA20 -> 1 | FN20: =DM20/CA20 -> 0 | FO20: =DN20/CA20 -> 0 | FP20: =DO20/CA20 -> 0 | FQ20: =DP20/CA20 -> 0 | FR20: =DQ20/CA20 -> 0 | FS20: 0 | FT20: 0 | FU20: 0 | FV20: 0 | FW20: 0 | FX20: 0 | FY20: 0 | FZ20: 0 | GA20: =DZ20/CC20 -> 1 | GB20: =EA20/CC20 -> 0 | GC20: =EB20/CC20 -> 0 | GD20: =EC20/CC20 -> 0 | GE20: =ED20/CC20 -> 0
A21: Bolton | B21: 75096.659 | C21: =B21-D21 -> 59078.916 | D21: 16017.743 | E21: 0 | F21: 20160 | G21: 9931.3927 | H21: 2253.2793 | I21: 10210.335 | J21: 2237.6931 | K21: 68.179 | L21: 52.95 | M21: 0 | N21: 14165.088 | O21: =EE21*E21 -> 0 | P21: =EF21*E21 -> 0 | Q21: =EG21*E21 -> 0 | R21: =EH21*E21 -> 0 | S21: =EI21*E21 -> 0 | T21: =EJ21*F21 -> 20160 | U21: =EK21*F21 -> 0 | V21: =EL21*F21 -> 0 | W21: =EM21*F21 -> 0 | X21: =EN21*F21 -> 0 | Y21: =EO21*F21 -> 0 | Z21: =EP21*G21 -> 9931.3927 | AA21: =EQ21*G21 -> 0 | AB21: =ER21*G21 -> 0 | AC21: =ES21*G21 -> 0 | AD21: =ET21*G21 -> 0 | AE21: =EU21*H21 -> 2253.2793 | AF21: =EV21*H21 -> 0 | AG21: =EW21*H21 -> 0 | AH21: =EX21*H21 -> 0 | AI21: =EY21*I21 -> 10210.335 | AJ21: =EZ21*I21 -> 0 | AK21: =FA21*I21 -> 0 | AL21: =FB21*I21 -> 0 | AM21: =FC21*I21 -> 0 | AN21: =FD21*J21 -> 2237.6931 | AO21: =FE21*J21 -> 0 | AP21: =FF21*J21 -> 0 | AQ21: =FG21*J21 -> 0 | AR21: =FH21*K21 -> 68.179 | AS21: =FI21*K21 -> 0 | AT21: =FJ21*K21 -> 0 | AU21: =FK21*K21 -> 0 | AV21: =FL21*K21 -> 0 | AW21: =FM21*L21 -> 52.95 | AX21: =FN21*L21 -> 0 | AY21: =FO21*L21 -> 0 | AZ21: =FP21*L21 -> 0 | BA21: =FQ21*L21 -> 0 | BB21: =FR21*L21 -> 0 | BC21: =FS21*M21 -> 0 | BD21: =FT21*M21 -> 0 | BE21: =FU21*M21 -> 0 | BF21: =FV21*M21 -> 0 | BG21: =FW21*M21 -> 0 | BH21: =FX21*M21 -> 0 | BI21: =FY21*M21 -> 0 | BJ21: =FZ21*M21 -> 0 | BK21: =GA21*N21 -> 0 | BL21: =GB21*N21 -> 0 | BM21: =GC21*N21 -> 0 | BN21: =GD21*N21 -> 0 | BO21: =GE21*N21 -> 0 | BP21: Bolton | BQ21: 65046.035 | BR21: =BZ21+CX21+EC21+FA21+FU21+GS21+HM21+IK21+JM21+KW21 -> 8062.671 | BS21: 23464.676 | BT21: 0 | BU21: 20151.92 | BV21: 9859.44 | BW21: 1773.159 | BX21: 7994.494 | BY21: 1561.555 | BZ21: 68.177 | CA21: 172.614 | CB21: 0 | CC21: 0 | CD21: 0 | CE21: 0 | CF21: 0 | CG21: 0 | CH21: 0 | CI21: 20151.92 | CJ21: 0 | CK21: 0 | CL21: 0 | CM21: 0 | CN21: 0 | CO21: 9859.44 | CP21: 0 | CQ21: 0 | CR21: 0 | CS21: 0 | CT21: 1773.159 | CU21: 0 | CV21: 0 | CW21: 0 | CX21: 7994.494 | CY21: 0 | CZ21: 0 | DA21: 0 | DB21: 0 | DC21: 1561.555 | DD21: 0 | DE21: 0 | DF21: 0 | DG21: 68.177 | DH21: 0 | DI21: 0 | DJ21: 0 | DK21: 0 | DL21: 172.614 | DM21: 0 | DN21: 0 | DO21: 0 | DP21: 0 | DQ21: 0 | DR21: 0 | DS21: 0 | DT21: 0 | DU21: 0 | DV21: 0 | DW21: 0 | DX21: 0 | DY21: 0 | DZ21: 0 | EA21: 0 | EB21: 0 | EC21: 0 | ED21: 0 | EE21: 0 | EF21: 0 | EG21: 0 | EH21: 0 | EI21: 0 | EJ21: =CI21/BU21 -> 1 | EK21: =CJ21/BU21 -> 0 | EL21: =CK21/BU21 -> 0 | EM21: =CL21/BU21 -> 0 | EN21: =CM21/BU21 -> 0 | EO21: =CN21/BU21 -> 0 | EP21: =CO21/BV21 -> 1 | EQ21: =CP21/BV21 -> 0 | ER21: =CQ21/BV21 -> 0 | ES21: =CR21/BV21 -> 0 | ET21: =CS21/BV21 -> 0 | EU21: =CT21/BW21 -> 1 | EV21: =CU21/BW21 -> 0 | EW21: =CV21/BW21 -> 0 | EX21: =CW21/BW21 -> 0 | EY21: =CX21/BX21 -> 1 | EZ21: =CY21/BX21 -> 0 | FA21: =CZ21/BX21 -> 0 | FB21: =DA21/BX21 -> 0 | FC21: =DB21/BX21 -> 0 | FD21: =DC21/BY21 -> 1 | FE21: =DD21/BY21 -> 0 | FF21: =DE21/BY21 -> 0 | FG21: =DF21/BY21 -> 0 | FH21: =DG21/BZ21 -> 1 | FI21: =DH21/BZ21 -> 0 | FJ21: =DI21/BZ21 -> 0 | FK21: =DJ21/BZ21 -> 0 | FL21: =DK21/BZ21 -> 0 | FM21: =DL21/CA21 -> 1 | FN21: =DM21/CA21 -> 0 | FO21: =DN21/CA21 -> 0 | FP21: =DO21/CA21 -> 0 | FQ21: =DP21/CA21 -> 0 | FR21: =DQ21/CA21 -> 0 | FS21: 0 | FT21: 0 | FU21: 0 | FV21: 0 | FW21: 0 | FX21: 0 | FY21: 0 | FZ21: 0 | GA21: 0 | GB21: 0 | GC21: 0 | GD21: 0 | GE21: 0
A22: Boston | B22: 24421.836 | C22: =B22-D22 -> 9887.7967 | D22: 14534.039 | E22: 0 | F22: 4531.66 | G22: 2282.873 | H22: 863.67401 | I22: 1530.1606 | J22: 583.55912 | K22: 95.87 | L22: 0 | M22: 0 | N22: 0 | O22: =EE22*E22 -> 0 | P22: =EF22*E22 -> 0 | Q22: =EG22*E22 -> 0 | R22: =EH22*E22 -> 0 | S22: =EI22*E22 -> 0 | T22: =EJ22*F22 -> 0 | U22: =EK22*F22 -> 4531.66 | V22: =EL22*F22 -> 0 | W22: =EM22*F22 -> 0 | X22: =EN22*F22 -> 0 | Y22: =EO22*F22 -> 0 | Z22: =EP22*G22 -> 2282.873 | AA22: =EQ22*G22 -> 0 | AB22: =ER22*G22 -> 0 | AC22: =ES22*G22 -> 0 | AD22: =ET22*G22 -> 0 | AE22: =EU22*H22 -> 863.67401 | AF22: =EV22*H22 -> 0 | AG22: =EW22*H22 -> 0 | AH22: =EX22*H22 -> 0 | AI22: =EY22*I22 -> 1530.1606 | AJ22: =EZ22*I22 -> 0 | AK22: =FA22*I22 -> 0 | AL22: =FB22*I22 -> 0 | AM22: =FC22*I22 -> 0 | AN22: =FD22*J22 -> 583.55912 | AO22: =FE22*J22 -> 0 | AP22: =FF22*J22 -> 0 | AQ22: =FG22*J22 -> 0 | AR22: =FH22*K22 -> 95.87 | AS22: =FI22*K22 -> 0 | AT22: =FJ22*K22 -> 0 | AU22: =FK22*K22 -> 0 | AV22: =FL22*K22 -> 0 | AW22: =FM22*L22 -> 0 | AX22: =FN22*L22 -> 0 | AY22: =FO22*L22 -> 0 | AZ22: =FP22*L22 -> 0 | BA22: =FQ22*L22 -> 0 | BB22: =FR22*L22 -> 0 | BC22: =FS22*M22 -> 0 | BD22: =FT22*M22 -> 0 | BE22: =FU22*M22 -> 0 | BF22: =FV22*M22 -> 0 | BG22: =FW22*M22 -> 0 | BH22: =FX22*M22 -> 0 | BI22: =FY22*M22 -> 0 | BJ22: =FZ22*M22 -> 0 | BK22: =GA22*N22 -> 0 | BL22: =GB22*N22 -> 0 | BM22: =GC22*N22 -> 0 | BN22: =GD22*N22 -> 0 | BO22: =GE22*N22 -> 0 | BP22: Boston | BQ22: 15209.798 | BR22: =BZ22+CX22+EC22+FA22+FU22+GS22+HM22+IK22+JM22+KW22 -> 1605.638 | BS22: 4896.35 | BT22: 0 | BU22: 4531.66 | BV22: 2219.32 | BW22: 1292.71 | BX22: 1509.768 | BY22: 409.89 | BZ22: 95.87 | CA22: 0 | CB22: 0 | CC22: 254.23 | CD22: 0 | CE22: 0 | CF22: 0 | CG22: 0 | CH22: 0 | CI22: 0 | CJ22: 4531.66 | CK22: 0 | CL22: 0 | CM22: 0 | CN22: 0 | CO22: 2219.32 | CP22: 0 | CQ22: 0 | CR22: 0 | CS22: 0 | CT22: 1292.71 | CU22: 0 | CV22: 0 | CW22: 0 | CX22: 1509.768 | CY22: 0 | CZ22: 0 | DA22: 0 | DB22: 0 | DC22: 409.89 | DD22: 0 | DE22: 0 | DF22: 0 | DG22: 95.87 | DH22: 0 | DI22: 0 | DJ22: 0 | DK22: 0 | DL22: 0 | DM22: 0 | DN22: 0 | DO22: 0 | DP22: 0 | DQ22: 0 | DR22: 0 | DS22: 0 | DT22: 0 | DU22: 0 | DV22: 0 | DW22: 0 | DX22: 0 | DY22: 0 | DZ22: 254.23 | EA22: 0 | EB22: 0 | EC22: 0 | ED22: 0 | EE22: 0 | EF22: 0 | EG22: 0 | EH22: 0 | EI22: 0 | EJ22: =CI22/BU22 -> 0 | EK22: =CJ22/BU22 -> 1 | EL22: =CK22/BU22 -> 0 | EM22: =CL22/BU22 -> 0 | EN22: =CM22/BU22 -> 0 | EO22: =CN22/BU22 -> 0 | EP22: =CO22/BV22 -> 1 | EQ22: =CP22/BV22 -> 0 | ER22: =CQ22/BV22 -> 0 | ES22: =CR22/BV22 -> 0 | ET22: =CS22/BV22 -> 0 | EU22: =CT22/BW22 -> 1 | EV22: =CU22/BW22 -> 0 | EW22: =CV22/BW22 -> 0 | EX22: =CW22/BW22 -> 0 | EY22: =CX22/BX22 -> 1 | EZ22: =CY22/BX22 -> 0 | FA22: =CZ22/BX22 -> 0 | FB22: =DA22/BX22 -> 0 | FC22: =DB22/BX22 -> 0 | FD22: =DC22/BY22 -> 1 | FE22: =DD22/BY22 -> 0 | FF22: =DE22/BY22 -> 0 | FG22: =DF22/BY22 -> 0 | FH22: =DG22/BZ22 -> 1 | FI22: =DH22/BZ22 -> 0 | FJ22: =DI22/BZ22 -> 0 | FK22: =DJ22/BZ22 -> 0 | FL22: =DK22/BZ22 -> 0 | FM22: 0 | FN22: 0 | FO22: 0 | FP22: 0 | FQ22: 0 | FR22: 0 | FS22: 0 | FT22: 0 | FU22: 0 | FV22: 0 | FW22: 0 | FX22: 0 | FY22: 0 | FZ22: 0 | GA22: =DZ22/CC22 -> 1 | GB22: =EA22/CC22 -> 0 | GC22: =EB22/CC22 -> 0 | GD22: =EC22/CC22 -> 0 | GE22: =ED22/CC22 -> 0
A23: Bournemouth, Christchurch and Poole | B23: 119893.26 | C23: =B23-D23 -> 89172.546 | D23: 30720.714 | E23: 4799.97 | F23: 23376.26 | G23: 22659.862 | H23: 6880.4843 | I23: 12984.392 | J23: 5364.7204 | K23: 743.16 | L23: 2368.7945 | M23: 0 | N23: 9994.9026 | O23: =EE23*E23 -> 0 | P23: =EF23*E23 -> 0 | Q23: =EG23*E23 -> 4799.97 | R23: =EH23*E23 -> 0 | S23: =EI23*E23 -> 0 | T23: =EJ23*F23 -> 0 | U23: =EK23*F23 -> 23376.26 | V23: =EL23*F23 -> 0 | W23: =EM23*F23 -> 0 | X23: =EN23*F23 -> 0 | Y23: =EO23*F23 -> 0 | Z23: =EP23*G23 -> 22659.862 | AA23: =EQ23*G23 -> 0 | AB23: =ER23*G23 -> 0 | AC23: =ES23*G23 -> 0 | AD23: =ET23*G23 -> 0 | AE23: =EU23*H23 -> 6844.5835 | AF23: =EV23*H23 -> 0 | AG23: =EW23*H23 -> 0 | AH23: =EX23*H23 -> 35.900841 | AI23: =EY23*I23 -> 12984.392 | AJ23: =EZ23*I23 -> 0 | AK23: =FA23*I23 -> 0 | AL23: =FB23*I23 -> 0 | AM23: =FC23*I23 -> 0 | AN23: =FD23*J23 -> 5290.2543 | AO23: =FE23*J23 -> 74.466086 | AP23: =FF23*J23 -> 0 | AQ23: =FG23*J23 -> 0 | AR23: =FH23*K23 -> 170.27548 | AS23: =FI23*K23 -> 572.88452 | AT23: =FJ23*K23 -> 0 | AU23: =FK23*K23 -> 0 | AV23: =FL23*K23 -> 0 | AW23: =FM23*L23 -> 2368.7945 | AX23: =FN23*L23 -> 0 | AY23: =FO23*L23 -> 0 | AZ23: =FP23*L23 -> 0 | BA23: =FQ23*L23 -> 0 | BB23: =FR23*L23 -> 0 | BC23: =FS23*M23 -> 0 | BD23: =FT23*M23 -> 0 | BE23: =FU23*M23 -> 0 | BF23: =FV23*M23 -> 0 | BG23: =FW23*M23 -> 0 | BH23: =FX23*M23 -> 0 | BI23: =FY23*M23 -> 0 | BJ23: =FZ23*M23 -> 0 | BK23: =GA23*N23 -> 9530.9568 | BL23: =GB23*N23 -> 463.9458 | BM23: =GC23*N23 -> 0 | BN23: =GD23*N23 -> 0 | BO23: =GE23*N23 -> 0 | BP23: Bournemouth, Christchurch and Poole | BQ23: 425944.24 | BR23: =BZ23+CX23+EC23+FA23+FU23+GS23+HM23+IK23+JM23+KW23 -> 11237.43 | BS23: 306919.12 | BT23: 4799.97 | BU23: 24153.86 | BV23: 31150.67 | BW23: 10295.57 | BX23: 10173.55 | BY23: 7227.3 | BZ23: 1063.88 | CA23: 6909.2 | CB23: 20063.58 | CC23: 3187.54 | CD23: 0 | CE23: 0 | CF23: 4799.97 | CG23: 0 | CH23: 0 | CI23: 0 | CJ23: 24153.86 | CK23: 0 | CL23: 0 | CM23: 0 | CN23: 0 | CO23: 31150.67 | CP23: 0 | CQ23: 0 | CR23: 0 | CS23: 0 | CT23: 10241.85 | CU23: 0 | CV23: 0 | CW23: 53.72 | CX23: 10173.55 | CY23: 0 | CZ23: 0 | DA23: 0 | DB23: 0 | DC23: 7126.98 | DD23: 100.32 | DE23: 0 | DF23: 0 | DG23: 243.76 | DH23: 820.12 | DI23: 0 | DJ23: 0 | DK23: 0 | DL23: 6909.2 | DM23: 0 | DN23: 0 | DO23: 0 | DP23: 0 | DQ23: 0 | DR23: 13483.16 | DS23: 0 | DT23: 0 | DU23: 0 | DV23: 0 | DW23: 6564.12 | DX23: 0 | DY23: 16.3 | DZ23: 3039.58 | EA23: 147.96 | EB23: 0 | EC23: 0 | ED23: 0 | EE23: =CD23/BT23 -> 0 | EF23: =CE23/BT23 -> 0 | EG23: =CF23/BT23 -> 1 | EH23: =CG23/BT23 -> 0 | EI23: =CH23/BT23 -> 0 | EJ23: =CI23/BU23 -> 0 | EK23: =CJ23/BU23 -> 1 | EL23: =CK23/BU23 -> 0 | EM23: =CL23/BU23 -> 0 | EN23: =CM23/BU23 -> 0 | EO23: =CN23/BU23 -> 0 | EP23: =CO23/BV23 -> 1 | EQ23: =CP23/BV23 -> 0 | ER23: =CQ23/BV23 -> 0 | ES23: =CR23/BV23 -> 0 | ET23: =CS23/BV23 -> 0 | EU23: =CT23/BW23 -> 0.99478222 | EV23: =CU23/BW23 -> 0 | EW23: =CV23/BW23 -> 0 | EX23: =CW23/BW23 -> 0.0052177781 | EY23: =CX23/BX23 -> 1 | EZ23: =CY23/BX23 -> 0 | FA23: =CZ23/BX23 -> 0 | FB23: =DA23/BX23 -> 0 | FC23: =DB23/BX23 -> 0 | FD23: =DC23/BY23 -> 0.9861193 | FE23: =DD23/BY23 -> 0.013880702 | FF23: =DE23/BY23 -> 0 | FG23: =DF23/BY23 -> 0 | FH23: =DG23/BZ23 -> 0.22912359 | FI23: =DH23/BZ23 -> 0.77087641 | FJ23: =DI23/BZ23 -> 0 | FK23: =DJ23/BZ23 -> 0 | FL23: =DK23/BZ23 -> 0 | FM23: =DL23/CA23 -> 1 | FN23: =DM23/CA23 -> 0 | FO23: =DN23/CA23 -> 0 | FP23: =DO23/CA23 -> 0 | FQ23: =DP23/CA23 -> 0 | FR23: =DQ23/CA23 -> 0 | FS23: =DR23/CB23 -> 0.67202164 | FT23: =DS23/CB23 -> 0 | FU23: =DT23/CB23 -> 0 | FV23: =DU23/CB23 -> 0 | FW23: =DV23/CB23 -> 0 | FX23: =DW23/CB23 -> 0.32716594 | FY23: =DX23/CB23 -> 0 | FZ23: =DY23/CB23 -> 0.00081241733 | GA23: =DZ23/CC23 -> 0.95358176 | GB23: =EA23/CC23 -> 0.046418241 | GC23: =EB23/CC23 -> 0 | GD23: =EC23/CC23 -> 0 | GE23: =ED23/CC23 -> 0
A24: Bracknell Forest | B24: 36942.76 | C24: =B24-D24 -> 36717.435 | D24: 225.32474 | E24: 5479.14 | F24: 6387.26 | G24: 5699.3135 | H24: 1256.2137 | I24: 2888.0802 | J24: 1212.0989 | K24: 409.99 | L24: 610.93 | M24: 0 | N24: 12774.409 | O24: =EE24*E24 -> 0 | P24: =EF24*E24 -> 0 | Q24: =EG24*E24 -> 5479.14 | R24: =EH24*E24 -> 0 | S24: =EI24*E24 -> 0 | T24: =EJ24*F24 -> 0 | U24: =EK24*F24 -> 6387.26 | V24: =EL24*F24 -> 0 | W24: =EM24*F24 -> 0 | X24: =EN24*F24 -> 0 | Y24: =EO24*F24 -> 0 | Z24: =EP24*G24 -> 5584.7658 | AA24: =EQ24*G24 -> 114.5477 | AB24: =ER24*G24 -> 0 | AC24: =ES24*G24 -> 0 | AD24: =ET24*G24 -> 0 | AE24: =EU24*H24 -> 1176.7587 | AF24: =EV24*H24 -> 79.454988 | AG24: =EW24*H24 -> 0 | AH24: =EX24*H24 -> 0 | AI24: =EY24*I24 -> 2888.0802 | AJ24: =EZ24*I24 -> 0 | AK24: =FA24*I24 -> 0 | AL24: =FB24*I24 -> 0 | AM24: =FC24*I24 -> 0 | AN24: =FD24*J24 -> 1029.1487 | AO24: =FE24*J24 -> 182.95027 | AP24: =FF24*J24 -> 0 | AQ24: =FG24*J24 -> 0 | AR24: =FH24*K24 -> 250.72374 | AS24: =FI24*K24 -> 159.26626 | AT24: =FJ24*K24 -> 0 | AU24: =FK24*K24 -> 0 | AV24: =FL24*K24 -> 0 | AW24: =FM24*L24 -> 481.92368 | AX24: =FN24*L24 -> 129.00632 | AY24: =FO24*L24 -> 0 | AZ24: =FP24*L24 -> 0 | BA24: =FQ24*L24 -> 0 | BB24: =FR24*L24 -> 0 | BC24: =FS24*M24 -> 0 | BD24: =FT24*M24 -> 0 | BE24: =FU24*M24 -> 0 | BF24: =FV24*M24 -> 0 | BG24: =FW24*M24 -> 0 | BH24: =FX24*M24 -> 0 | BI24: =FY24*M24 -> 0 | BJ24: =FZ24*M24 -> 0 | BK24: =GA24*N24 -> 10079.31 | BL24: =GB24*N24 -> 2695.0985 | BM24: =GC24*N24 -> 0 | BN24: =GD24*N24 -> 0 | BO24: =GE24*N24 -> 0 | BP24: Bracknell Forest | BQ24: 83883.65 | BR24: =BZ24+CX24+EC24+FA24+FU24+GS24+HM24+IK24+JM24+KW24 -> 3427.67 | BS24: 47527.82 | BT24: 5479.14 | BU24: 6475.04 | BV24: 10380.87 | BW24: 3316.86 | BX24: 2890.58 | BY24: 1446.5 | BZ24: 537.09 | CA24: 998.94 | CB24: 3767.8 | CC24: 1063.01 | CD24: 0 | CE24: 0 | CF24: 5479.14 | CG24: 0 | CH24: 0 | CI24: 0 | CJ24: 6475.04 | CK24: 0 | CL24: 0 | CM24: 0 | CN24: 0 | CO24: 10172.23 | CP24: 208.64 | CQ24: 0 | CR24: 0 | CS24: 0 | CT24: 3107.07 | CU24: 209.79 | CV24: 0 | CW24: 0 | CX24: 2890.58 | CY24: 0 | CZ24: 0 | DA24: 0 | DB24: 0 | DC24: 1228.17 | DD24: 218.33 | DE24: 0 | DF24: 0 | DG24: 328.45 | DH24: 208.64 | DI24: 0 | DJ24: 0 | DK24: 0 | DL24: 788 | DM24: 210.94 | DN24: 0 | DO24: 0 | DP24: 0 | DQ24: 0 | DR24: 3615.16 | DS24: 0 | DT24: 0 | DU24: 0 | DV24: 0 | DW24: 152.64 | DX24: 0 | DY24: 0 | DZ24: 838.74 | EA24: 224.27 | EB24: 0 | EC24: 0 | ED24: 0 | EE24: =CD24/BT24 -> 0 | EF24: =CE24/BT24 -> 0 | EG24: =CF24/BT24 -> 1 | EH24: =CG24/BT24 -> 0 | EI24: =CH24/BT24 -> 0 | EJ24: =CI24/BU24 -> 0 | EK24: =CJ24/BU24 -> 1 | EL24: =CK24/BU24 -> 0 | EM24: =CL24/BU24 -> 0 | EN24: =CM24/BU24 -> 0 | EO24: =CN24/BU24 -> 0 | EP24: =CO24/BV24 -> 0.97990149 | EQ24: =CP24/BV24 -> 0.020098508 | ER24: =CQ24/BV24 -> 0 | ES24: =CR24/BV24 -> 0 | ET24: =CS24/BV24 -> 0 | EU24: =CT24/BW24 -> 0.93675042 | EV24: =CU24/BW24 -> 0.063249579 | EW24: =CV24/BW24 -> 0 | EX24: =CW24/BW24 -> 0 | EY24: =CX24/BX24 -> 1 | EZ24: =CY24/BX24 -> 0 | FA24: =CZ24/BX24 -> 0 | FB24: =DA24/BX24 -> 0 | FC24: =DB24/BX24 -> 0 | FD24: =DC24/BY24 -> 0.84906326 | FE24: =DD24/BY24 -> 0.15093674 | FF24: =DE24/BY24 -> 0 | FG24: =DF24/BY24 -> 0 | FH24: =DG24/BZ24 -> 0.61153624 | FI24: =DH24/BZ24 -> 0.38846376 | FJ24: =DI24/BZ24 -> 0 | FK24: =DJ24/BZ24 -> 0 | FL24: =DK24/BZ24 -> 0 | FM24: =DL24/CA24 -> 0.78883617 | FN24: =DM24/CA24 -> 0.21116383 | FO24: =DN24/CA24 -> 0 | FP24: =DO24/CA24 -> 0 | FQ24: =DP24/CA24 -> 0 | FR24: =DQ24/CA24 -> 0 | FS24: =DR24/CB24 -> 0.9594883 | FT24: =DS24/CB24 -> 0 | FU24: =DT24/CB24 -> 0 | FV24: =DU24/CB24 -> 0 | FW24: =DV24/CB24 -> 0 | FX24: =DW24/CB24 -> 0.040511704 | FY24: =DX24/CB24 -> 0 | FZ24: =DY24/CB24 -> 0 | GA24: =DZ24/CC24 -> 0.78902362 | GB24: =EA24/CC24 -> 0.21097638 | GC24: =EB24/CC24 -> 0 | GD24: =EC24/CC24 -> 0 | GE24: =ED24/CC24 -> 0
A25: Bradford | B25: 151220.64 | C25: =B25-D25 -> 78715.232 | D25: 72505.409 | E25: 0 | F25: 15772.24 | G25: 20500.782 | H25: 4377.0688 | I25: 5511.5153 | J25: 4494.3434 | K25: 283.42924 | L25: 1894.3116 | M25: 87.69055 | N25: 25793.851 | O25: =EE25*E25 -> 0 | P25: =EF25*E25 -> 0 | Q25: =EG25*E25 -> 0 | R25: =EH25*E25 -> 0 | S25: =EI25*E25 -> 0 | T25: =EJ25*F25 -> 0 | U25: =EK25*F25 -> 15772.24 | V25: =EL25*F25 -> 0 | W25: =EM25*F25 -> 0 | X25: =EN25*F25 -> 0 | Y25: =EO25*F25 -> 0 | Z25: =EP25*G25 -> 20500.782 | AA25: =EQ25*G25 -> 0 | AB25: =ER25*G25 -> 0 | AC25: =ES25*G25 -> 0 | AD25: =ET25*G25 -> 0 | AE25: =EU25*H25 -> 4377.0688 | AF25: =EV25*H25 -> 0 | AG25: =EW25*H25 -> 0 | AH25: =EX25*H25 -> 0 | AI25: =EY25*I25 -> 5511.5153 | AJ25: =EZ25*I25 -> 0 | AK25: =FA25*I25 -> 0 | AL25: =FB25*I25 -> 0 | AM25: =FC25*I25 -> 0 | AN25: =FD25*J25 -> 4494.3434 | AO25: =FE25*J25 -> 0 | AP25: =FF25*J25 -> 0 | AQ25: =FG25*J25 -> 0 | AR25: =FH25*K25 -> 283.42924 | AS25: =FI25*K25 -> 0 | AT25: =FJ25*K25 -> 0 | AU25: =FK25*K25 -> 0 | AV25: =FL25*K25 -> 0 | AW25: =FM25*L25 -> 1894.3116 | AX25: =FN25*L25 -> 0 | AY25: =FO25*L25 -> 0 | AZ25: =FP25*L25 -> 0 | BA25: =FQ25*L25 -> 0 | BB25: =FR25*L25 -> 0 | BC25: =FS25*M25 -> 52.256075 | BD25: =FT25*M25 -> 0 | BE25: =FU25*M25 -> 0 | BF25: =FV25*M25 -> 0 | BG25: =FW25*M25 -> 0 | BH25: =FX25*M25 -> 35.434475 | BI25: =FY25*M25 -> 0 | BJ25: =FZ25*M25 -> 0 | BK25: =GA25*N25 -> 25793.851 | BL25: =GB25*N25 -> 0 | BM25: =GC25*N25 -> 0 | BN25: =GD25*N25 -> 0 | BO25: =GE25*N25 -> 0 | BP25: Bradford | BQ25: 702857.83 | BR25: =BZ25+CX25+EC25+FA25+FU25+GS25+HM25+IK25+JM25+KW25 -> 12970.48 | BS25: 485312.99 | BT25: 0 | BU25: 15871.52 | BV25: 49205.67 | BW25: 33479.8 | BX25: 12687.74 | BY25: 62131.64 | BZ25: 282.74 | CA25: 8661.66 | CB25: 17549.11 | CC25: 17674.96 | CD25: 0 | CE25: 0 | CF25: 0 | CG25: 0 | CH25: 0 | CI25: 0 | CJ25: 15871.52 | CK25: 0 | CL25: 0 | CM25: 0 | CN25: 0 | CO25: 49205.67 | CP25: 0 | CQ25: 0 | CR25: 0 | CS25: 0 | CT25: 33479.8 | CU25: 0 | CV25: 0 | CW25: 0 | CX25: 12687.74 | CY25: 0 | CZ25: 0 | DA25: 0 | DB25: 0 | DC25: 62131.64 | DD25: 0 | DE25: 0 | DF25: 0 | DG25: 282.74 | DH25: 0 | DI25: 0 | DJ25: 0 | DK25: 0 | DL25: 8661.66 | DM25: 0 | DN25: 0 | DO25: 0 | DP25: 0 | DQ25: 0 | DR25: 10457.77 | DS25: 0 | DT25: 0 | DU25: 0 | DV25: 0 | DW25: 7091.34 | DX25: 0 | DY25: 0 | DZ25: 17674.96 | EA25: 0 | EB25: 0 | EC25: 0 | ED25: 0 | EE25: 0 | EF25: 0 | EG25: 0 | EH25: 0 | EI25: 0 | EJ25: =CI25/BU25 -> 0 | EK25: =CJ25/BU25 -> 1 | EL25: =CK25/BU25 -> 0 | EM25: =CL25/BU25 -> 0 | EN25: =CM25/BU25 -> 0 | EO25: =CN25/BU25 -> 0 | EP25: =CO25/BV25 -> 1 | EQ25: =CP25/BV25 -> 0 | ER25: =CQ25/BV25 -> 0 | ES25: =CR25/BV25 -> 0 | ET25: =CS25/BV25 -> 0 | EU25: =CT25/BW25 -> 1 | EV25: =CU25/BW25 -> 0 | EW25: =CV25/BW25 -> 0 | EX25: =CW25/BW25 -> 0 | EY25: =CX25/BX25 -> 1 | EZ25: =CY25/BX25 -> 0 | FA25: =CZ25/BX25 -> 0 | FB25: =DA25/BX25 -> 0 | FC25: =DB25/BX25 -> 0 | FD25: =DC25/BY25 -> 1 | FE25: =DD25/BY25 -> 0 | FF25: =DE25/BY25 -> 0 | FG25: =DF25/BY25 -> 0 | FH25: =DG25/BZ25 -> 1 | FI25: =DH25/BZ25 -> 0 | FJ25: =DI25/BZ25 -> 0 | FK25: =DJ25/BZ25 -> 0 | FL25: =DK25/BZ25 -> 0 | FM25: =DL25/CA25 -> 1 | FN25: =DM25/CA25 -> 0 | FO25: =DN25/CA25 -> 0 | FP25: =DO25/CA25 -> 0 | FQ25: =DP25/CA25 -> 0 | FR25: =DQ25/CA25 -> 0 | FS25: =DR25/CB25 -> 0.59591455 | FT25: =DS25/CB25 -> 0 | FU25: =DT25/CB25 -> 0 | FV25: =DU25/CB25 -> 0 | FW25: =DV25/CB25 -> 0 | FX25: =DW25/CB25 -> 0.40408545 | FY25: =DX25/CB25 -> 0 | FZ25: =DY25/CB25 -> 0 | GA25: =DZ25/CC25 -> 1 | GB25: =EA25/CC25 -> 0 | GC25: =EB25/CC25 -> 0 | GD25: =EC25/CC25 -> 0 | GE25: =ED25/CC25 -> 0
A26: Braintree | B26: 52064.167 | C26: =B26-D26 -> 35413.299 | D26: 16650.868 | E26: 4223.76 | F26: 10490.2 | G26: 8643.6776 | H26: 2052.554 | I26: 3294.6 | J26: 1017.4843 | K26: 28.88 | L26: 7.2287869 | M26: 0 | N26: 5654.9142 | O26: =EE26*E26 -> 0 | P26: =EF26*E26 -> 0 | Q26: =EG26*E26 -> 4223.76 | R26: =EH26*E26 -> 0 | S26: =EI26*E26 -> 0 | T26: =EJ26*F26 -> 0 | U26: =EK26*F26 -> 10490.2 | V26: =EL26*F26 -> 0 | W26: =EM26*F26 -> 0 | X26: =EN26*F26 -> 0 | Y26: =EO26*F26 -> 0 | Z26: =EP26*G26 -> 8643.6776 | AA26: =EQ26*G26 -> 0 | AB26: =ER26*G26 -> 0 | AC26: =ES26*G26 -> 0 | AD26: =ET26*G26 -> 0 | AE26: =EU26*H26 -> 2052.554 | AF26: =EV26*H26 -> 0 | AG26: =EW26*H26 -> 0 | AH26: =EX26*H26 -> 0 | AI26: =EY26*I26 -> 3294.6 | AJ26: =EZ26*I26 -> 0 | AK26: =FA26*I26 -> 0 | AL26: =FB26*I26 -> 0 | AM26: =FC26*I26 -> 0 | AN26: =FD26*J26 -> 1017.4843 | AO26: =FE26*J26 -> 0 | AP26: =FF26*J26 -> 0 | AQ26: =FG26*J26 -> 0 | AR26: =FH26*K26 -> 0 | AS26: =FI26*K26 -> 28.88 | AT26: =FJ26*K26 -> 0 | AU26: =FK26*K26 -> 0 | AV26: =FL26*K26 -> 0 | AW26: =FM26*L26 -> 7.2287869 | AX26: =FN26*L26 -> 0 | AY26: =FO26*L26 -> 0 | AZ26: =FP26*L26 -> 0 | BA26: =FQ26*L26 -> 0 | BB26: =FR26*L26 -> 0 | BC26: =FS26*M26 -> 0 | BD26: =FT26*M26 -> 0 | BE26: =FU26*M26 -> 0 | BF26: =FV26*M26 -> 0 | BG26: =FW26*M26 -> 0 | BH26: =FX26*M26 -> 0 | BI26: =FY26*M26 -> 0 | BJ26: =FZ26*M26 -> 0 | BK26: =GA26*N26 -> 5654.9142 | BL26: =GB26*N26 -> 0 | BM26: =GC26*N26 -> 0 | BN26: =GD26*N26 -> 0 | BO26: =GE26*N26 -> 0 | BP26: Braintree | BQ26: 47408.672 | BR26: =BZ26+CX26+EC26+FA26+FU26+GS26+HM26+IK26+JM26+KW26 -> 3323.48 | BS26: 14080.517 | BT26: 4223.76 | BU26: 10722.34 | BV26: 9768.56 | BW26: 3947.05 | BX26: 3294.6 | BY26: 869.004 | BZ26: 28.88 | CA26: 5.66 | CB26: 0 | CC26: 468.301 | CD26: 0 | CE26: 0 | CF26: 4223.76 | CG26: 0 | CH26: 0 | CI26: 0 | CJ26: 10722.34 | CK26: 0 | CL26: 0 | CM26: 0 | CN26: 0 | CO26: 9768.56 | CP26: 0 | CQ26: 0 | CR26: 0 | CS26: 0 | CT26: 3947.05 | CU26: 0 | CV26: 0 | CW26: 0 | CX26: 3294.6 | CY26: 0 | CZ26: 0 | DA26: 0 | DB26: 0 | DC26: 869.004 | DD26: 0 | DE26: 0 | DF26: 0 | DG26: 0 | DH26: 28.88 | DI26: 0 | DJ26: 0 | DK26: 0 | DL26: 5.66 | DM26: 0 | DN26: 0 | DO26: 0 | DP26: 0 | DQ26: 0 | DR26: 0 | DS26: 0 | DT26: 0 | DU26: 0 | DV26: 0 | DW26: 0 | DX26: 0 | DY26: 0 | DZ26: 468.301 | EA26: 0 | EB26: 0 | EC26: 0 | ED26: 0 | EE26: =CD26/BT26 -> 0 | EF26: =CE26/BT26 -> 0 | EG26: =CF26/BT26 -> 1 | EH26: =CG26/BT26 -> 0 | EI26: =CH26/BT26 -> 0 | EJ26: =CI26/BU26 -> 0 | EK26: =CJ26/BU26 -> 1 | EL26: =CK26/BU26 -> 0 | EM26: =CL26/BU26 -> 0 | EN26: =CM26/BU26 -> 0 | EO26: =CN26/BU26 -> 0 | EP26: =CO26/BV26 -> 1 | EQ26: =CP26/BV26 -> 0 | ER26: =CQ26/BV26 -> 0 | ES26: =CR26/BV26 -> 0 | ET26: =CS26/BV26 -> 0 | EU26: =CT26/BW26 -> 1 | EV26: =CU26/BW26 -> 0 | EW26: =CV26/BW26 -> 0 | EX26: =CW26/BW26 -> 0 | EY26: =CX26/BX26 -> 1 | EZ26: =CY26/BX26 -> 0 | FA26: =CZ26/BX26 -> 0 | FB26: =DA26/BX26 -> 0 | FC26: =DB26/BX26 -> 0 | FD26: =DC26/BY26 -> 1 | FE26: =DD26/BY26 -> 0 | FF26: =DE26/BY26 -> 0 | FG26: =DF26/BY26 -> 0 | FH26: =DG26/BZ26 -> 0 | FI26: =DH26/BZ26 -> 1 | FJ26: =DI26/BZ26 -> 0 | FK26: =DJ26/BZ26 -> 0 | FL26: =DK26/BZ26 -> 0 | FM26: =DL26/CA26 -> 1 | FN26: =DM26/CA26 -> 0 | FO26: =DN26/CA26 -> 0 | FP26: =DO26/CA26 -> 0 | FQ26: =DP26/CA26 -> 0 | FR26: =DQ26/CA26 -> 0 | FS26: 0 | FT26: 0 | FU26: 0 | FV26: 0 | FW26: 0 | FX26: 0 | FY26: 0 | FZ26: 0 | GA26: =DZ26/CC26 -> 1 | GB26: =EA26/CC26 -> 0 | GC26: =EB26/CC26 -> 0 | GD26: =EC26/CC26 -> 0 | GE26: =ED26/CC26 -> 0
A27: Breckland | B27: 39565.66 | C27: =B27-D27 -> 22215.518 | D27: 17350.142 | E27: 0 | F27: 7993.82 | G27: 6338.133 | H27: 1667.5381 | I27: 5114.9734 | J27: 850.85393 | K27: 210.64 | L27: 39.56 | M27: 0 | N27: 0 | O27: =EE27*E27 -> 0 | P27: =EF27*E27 -> 0 | Q27: =EG27*E27 -> 0 | R27: =EH27*E27 -> 0 | S27: =EI27*E27 -> 0 | T27: =EJ27*F27 -> 0 | U27: =EK27*F27 -> 7993.82 | V27: =EL27*F27 -> 0 | W27: =EM27*F27 -> 0 | X27: =EN27*F27 -> 0 | Y27: =EO27*F27 -> 0 | Z27: =EP27*G27 -> 6338.133 | AA27: =EQ27*G27 -> 0 | AB27: =ER27*G27 -> 0 | AC27: =ES27*G27 -> 0 | AD27: =ET27*G27 -> 0 | AE27: =EU27*H27 -> 1667.5381 | AF27: =EV27*H27 -> 0 | AG27: =EW27*H27 -> 0 | AH27: =EX27*H27 -> 0 | AI27: =EY27*I27 -> 5114.9734 | AJ27: =EZ27*I27 -> 0 | AK27: =FA27*I27 -> 0 | AL27: =FB27*I27 -> 0 | AM27: =FC27*I27 -> 0 | AN27: =FD27*J27 -> 850.85393 | AO27: =FE27*J27 -> 0 | AP27: =FF27*J27 -> 0 | AQ27: =FG27*J27 -> 0 | AR27: =FH27*K27 -> 210.64 | AS27: =FI27*K27 -> 0 | AT27: =FJ27*K27 -> 0 | AU27: =FK27*K27 -> 0 | AV27: =FL27*K27 -> 0 | AW27: =FM27*L27 -> 39.56 | AX27: =FN27*L27 -> 0 | AY27: =FO27*L27 -> 0 | AZ27: =FP27*L27 -> 0 | BA27: =FQ27*L27 -> 0 | BB27: =FR27*L27 -> 0 | BC27: =FS27*M27 -> 0 | BD27: =FT27*M27 -> 0 | BE27: =FU27*M27 -> 0 | BF27: =FV27*M27 -> 0 | BG27: =FW27*M27 -> 0 | BH27: =FX27*M27 -> 0 | BI27: =FY27*M27 -> 0 | BJ27: =FZ27*M27 -> 0 | BK27: =GA27*N27 -> 0 | BL27: =GB27*N27 -> 0 | BM27: =GC27*N27 -> 0 | BN27: =GD27*N27 -> 0 | BO27: =GE27*N27 -> 0 | BP27: Breckland | BQ27: 51714.45 | BR27: =BZ27+CX27+EC27+FA27+FU27+GS27+HM27+IK27+JM27+KW27 -> 6255.47 | BS27: 19554.35 | BT27: 0 | BU27: 7993.82 | BV27: 12562.68 | BW27: 3716.5 | BX27: 5851.87 | BY27: 1058.15 | BZ27: 403.6 | CA27: 100.86 | CB27: 0 | CC27: 472.62 | CD27: 0 | CE27: 0 | CF27: 0 | CG27: 0 | CH27: 0 | CI27: 0 | CJ27: 7993.82 | CK27: 0 | CL27: 0 | CM27: 0 | CN27: 0 | CO27: 12562.68 | CP27: 0 | CQ27: 0 | CR27: 0 | CS27: 0 | CT27: 3716.5 | CU27: 0 | CV27: 0 | CW27: 0 | CX27: 5851.87 | CY27: 0 | CZ27: 0 | DA27: 0 | DB27: 0 | DC27: 1058.15 | DD27: 0 | DE27: 0 | DF27: 0 | DG27: 403.6 | DH27: 0 | DI27: 0 | DJ27: 0 | DK27: 0 | DL27: 100.86 | DM27: 0 | DN27: 0 | DO27: 0 | DP27: 0 | DQ27: 0 | DR27: 0 | DS27: 0 | DT27: 0 | DU27: 0 | DV27: 0 | DW27: 0 | DX27: 0 | DY27: 0 | DZ27: 472.62 | EA27: 0 | EB27: 0 | EC27: 0 | ED27: 0 | EE27: 0 | EF27: 0 | EG27: 0 | EH27: 0 | EI27: 0 | EJ27: =CI27/BU27 -> 0 | EK27: =CJ27/BU27 -> 1 | EL27: =CK27/BU27 -> 0 | EM27: =CL27/BU27 -> 0 | EN27: =CM27/BU27 -> 0 | EO27: =CN27/BU27 -> 0 | EP27: =CO27/BV27 -> 1 | EQ27: =CP27/BV27 -> 0 | ER27: =CQ27/BV27 -> 0 | ES27: =CR27/BV27 -> 0 | ET27: =CS27/BV27 -> 0 | EU27: =CT27/BW27 -> 1 | EV27: =CU27/BW27 -> 0 | EW27: =CV27/BW27 -> 0 | EX27: =CW27/BW27 -> 0 | EY27: =CX27/BX27 -> 1 | EZ27: =CY27/BX27 -> 0 | FA27: =CZ27/BX27 -> 0 | FB27: =DA27/BX27 -> 0 | FC27: =DB27/BX27 -> 0 | FD27: =DC27/BY27 -> 1 | FE27: =DD27/BY27 -> 0 | FF27: =DE27/BY27 -> 0 | FG27: =DF27/BY27 -> 0 | FH27: =DG27/BZ27 -> 1 | FI27: =DH27/BZ27 -> 0 | FJ27: =DI27/BZ27 -> 0 | FK27: =DJ27/BZ27 -> 0 | FL27: =DK27/BZ27 -> 0 | FM27: =DL27/CA27 -> 1 | FN27: =DM27/CA27 -> 0 | FO27: =DN27/CA27 -> 0 | FP27: =DO27/CA27 -> 0 | FQ27: =DP27/CA27 -> 0 | FR27: =DQ27/CA27 -> 0 | FS27: 0 | FT27: 0 | FU27: 0 | FV27: 0 | FW27: 0 | FX27: 0 | FY27: 0 | FZ27: 0 | GA27: =DZ27/CC27 -> 1 | GB27: =EA27/CC27 -> 0 | GC27: =EB27/CC27 -> 0 | GD27: =EC27/CC27 -> 0 | GE27: =ED27/CC27 -> 0
A28: Brent | B28: 60808.25 | C28: =B28-D28 -> 35018.54 | D28: 25789.71 | E28: 6341.73 | F28: 4926.3 | G28: 11377.631 | H28: 2093.1042 | I28: 8453.0701 | J28: 1504.7255 | K28: 208.78 | L28: 19.775963 | M28: 22.937988 | N28: 70.484408 | O28: =EE28*E28 -> 0 | P28: =EF28*E28 -> 0 | Q28: =EG28*E28 -> 6341.73 | R28: =EH28*E28 -> 0 | S28: =EI28*E28 -> 0 | T28: =EJ28*F28 -> 0 | U28: =EK28*F28 -> 4926.3 | V28: =EL28*F28 -> 0 | W28: =EM28*F28 -> 0 | X28: =EN28*F28 -> 0 | Y28: =EO28*F28 -> 0 | Z28: =EP28*G28 -> 11377.631 | AA28: =EQ28*G28 -> 0 | AB28: =ER28*G28 -> 0 | AC28: =ES28*G28 -> 0 | AD28: =ET28*G28 -> 0 | AE28: =EU28*H28 -> 2093.1042 | AF28: =EV28*H28 -> 0 | AG28: =EW28*H28 -> 0 | AH28: =EX28*H28 -> 0 | AI28: =EY28*I28 -> 8453.0701 | AJ28: =EZ28*I28 -> 0 | AK28: =FA28*I28 -> 0 | AL28: =FB28*I28 -> 0 | AM28: =FC28*I28 -> 0 | AN28: =FD28*J28 -> 1504.7255 | AO28: =FE28*J28 -> 0 | AP28: =FF28*J28 -> 0 | AQ28: =FG28*J28 -> 0 | AR28: =FH28*K28 -> 208.78 | AS28: =FI28*K28 -> 0 | AT28: =FJ28*K28 -> 0 | AU28: =FK28*K28 -> 0 | AV28: =FL28*K28 -> 0 | AW28: =FM28*L28 -> 19.775963 | AX28: =FN28*L28 -> 0 | AY28: =FO28*L28 -> 0 | AZ28: =FP28*L28 -> 0 | BA28: =FQ28*L28 -> 0 | BB28: =FR28*L28 -> 0 | BC28: =FS28*M28 -> 12.763482 | BD28: =FT28*M28 -> 0 | BE28: =FU28*M28 -> 0 | BF28: =FV28*M28 -> 0 | BG28: =FW28*M28 -> 0 | BH28: =FX28*M28 -> 10.174506 | BI28: =FY28*M28 -> 0 | BJ28: =FZ28*M28 -> 0 | BK28: =GA28*N28 -> 70.484408 | BL28: =GB28*N28 -> 0 | BM28: =GC28*N28 -> 0 | BN28: =GD28*N28 -> 0 | BO28: =GE28*N28 -> 0 | BP28: Brent | BQ28: 82447.71 | BR28: =BZ28+CX28+EC28+FA28+FU28+GS28+HM28+IK28+JM28+KW28 -> 7433.6 | BS28: 33985.98 | BT28: 6341.73 | BU28: 4926.3 | BV28: 16299.18 | BW28: 4282.33 | BX28: 7044.76 | BY28: 5945.18 | BZ28: 388.84 | CA28: 24.78 | CB28: 371.76 | CC28: 2836.87 | CD28: 0 | CE28: 0 | CF28: 6341.73 | CG28: 0 | CH28: 0 | CI28: 0 | CJ28: 4926.3 | CK28: 0 | CL28: 0 | CM28: 0 | CN28: 0 | CO28: 16299.18 | CP28: 0 | CQ28: 0 | CR28: 0 | CS28: 0 | CT28: 4282.33 | CU28: 0 | CV28: 0 | CW28: 0 | CX28: 7044.76 | CY28: 0 | CZ28: 0 | DA28: 0 | DB28: 0 | DC28: 5945.18 | DD28: 0 | DE28: 0 | DF28: 0 | DG28: 388.84 | DH28: 0 | DI28: 0 | DJ28: 0 | DK28: 0 | DL28: 24.78 | DM28: 0 | DN28: 0 | DO28: 0 | DP28: 0 | DQ28: 0 | DR28: 206.86 | DS28: 0 | DT28: 0 | DU28: 0 | DV28: 0 | DW28: 164.9 | DX28: 0 | DY28: 0 | DZ28: 2836.87 | EA28: 0 | EB28: 0 | EC28: 0 | ED28: 0 | EE28: 0 | EF28: =CE28/BT28 -> 0 | EG28: =CF28/BT28 -> 1 | EH28: =CG28/BT28 -> 0 | EI28: =CH28/BT28 -> 0 | EJ28: =CI28/BU28 -> 0 | EK28: =CJ28/BU28 -> 1 | EL28: =CK28/BU28 -> 0 | EM28: =CL28/BU28 -> 0 | EN28: =CM28/BU28 -> 0 | EO28: =CN28/BU28 -> 0 | EP28: =CO28/BV28 -> 1 | EQ28: =CP28/BV28 -> 0 | ER28: =CQ28/BV28 -> 0 | ES28: =CR28/BV28 -> 0 | ET28: =CS28/BV28 -> 0 | EU28: =CT28/BW28 -> 1 | EV28: =CU28/BW28 -> 0 | EW28: =CV28/BW28 -> 0 | EX28: =CW28/BW28 -> 0 | EY28: =CX28/BX28 -> 1 | EZ28: =CY28/BX28 -> 0 | FA28: =CZ28/BX28 -> 0 | FB28: =DA28/BX28 -> 0 | FC28: =DB28/BX28 -> 0 | FD28: =DC28/BY28 -> 1 | FE28: =DD28/BY28 -> 0 | FF28: =DE28/BY28 -> 0 | FG28: =DF28/BY28 -> 0 | FH28: =DG28/BZ28 -> 1 | FI28: =DH28/BZ28 -> 0 | FJ28: =DI28/BZ28 -> 0 | FK28: =DJ28/BZ28 -> 0 | FL28: =DK28/BZ28 -> 0 | FM28: =DL28/CA28 -> 1 | FN28: =DM28/CA28 -> 0 | FO28: =DN28/CA28 -> 0 | FP28: =DO28/CA28 -> 0 | FQ28: =DP28/CA28 -> 0 | FR28: =DQ28/CA28 -> 0 | FS28: =DR28/CB28 -> 0.55643426 | FT28: =DS28/CB28 -> 0 | FU28: =DT28/CB28 -> 0 | FV28: =DU28/CB28 -> 0 | FW28: =DV28/CB28 -> 0 | FX28: =DW28/CB28 -> 0.44356574 | FY28: =DX28/CB28 -> 0 | FZ28: =DY28/CB28 -> 0 | GA28: =DZ28/CC28 -> 1 | GB28: =EA28/CC28 -> 0 | GC28: =EB28/CC28 -> 0 | GD28: =EC28/CC28 -> 0 | GE28: =ED28/CC28 -> 0
A29: Brentwood | B29: 26926.71 | C29: =B29-D29 -> 10564.553 | D29: 16362.157 | E29: 1108.8 | F29: 3784.726 | G29: 2615.274 | H29: 730.17389 | I29: 1962.13 | J29: 315.66031 | K29: 13.182 | L29: 34.607 | M29: 0 | N29: 0 | O29: =EE29*E29 -> 0 | P29: =EF29*E29 -> 0 | Q29: =EG29*E29 -> 1108.8 | R29: =EH29*E29 -> 0 | S29: =EI29*E29 -> 0 | T29: =EJ29*F29 -> 0 | U29: =EK29*F29 -> 3784.726 | V29: =EL29*F29 -> 0 | W29: =EM29*F29 -> 0 | X29: =EN29*F29 -> 0 | Y29: =EO29*F29 -> 0 | Z29: =EP29*G29 -> 2615.274 | AA29: =EQ29*G29 -> 0 | AB29: =ER29*G29 -> 0 | AC29: =ES29*G29 -> 0 | AD29: =ET29*G29 -> 0 | AE29: =EU29*H29 -> 730.17389 | AF29: =EV29*H29 -> 0 | AG29: =EW29*H29 -> 0 | AH29: =EX29*H29 -> 0 | AI29: =EY29*I29 -> 1962.13 | AJ29: =EZ29*I29 -> 0 | AK29: =FA29*I29 -> 0 | AL29: =FB29*I29 -> 0 | AM29: =FC29*I29 -> 0 | AN29: =FD29*J29 -> 315.66031 | AO29: =FE29*J29 -> 0 | AP29: =FF29*J29 -> 0 | AQ29: =FG29*J29 -> 0 | AR29: =FH29*K29 -> 13.182 | AS29: =FI29*K29 -> 0 | AT29: =FJ29*K29 -> 0 | AU29: =FK29*K29 -> 0 | AV29: =FL29*K29 -> 0 | AW29: =FM29*L29 -> 34.607 | AX29: =FN29*L29 -> 0 | AY29: =FO29*L29 -> 0 | AZ29: =FP29*L29 -> 0 | BA29: =FQ29*L29 -> 0 | BB29: =FR29*L29 -> 0 | BC29: =FS29*M29 -> 0 | BD29: =FT29*M29 -> 0 | BE29: =FU29*M29 -> 0 | BF29: =FV29*M29 -> 0 | BG29: =FW29*M29 -> 0 | BH29: =FX29*M29 -> 0 | BI29: =FY29*M29 -> 0 | BJ29: =FZ29*M29 -> 0 | BK29: =GA29*N29 -> 0 | BL29: =GB29*N29 -> 0 | BM29: =GC29*N29 -> 0 | BN29: =GD29*N29 -> 0 | BO29: =GE29*N29 -> 0 | BP29: Brentwood | BQ29: 16091.121 | BR29: =BZ29+CX29+EC29+FA29+FU29+GS29+HM29+IK29+JM29+KW29 -> 1975.312 | BS29: 1534.143 | BT29: 1108.8 | BU29: 3784.726 | BV29: 6295.763 | BW29: 852.631 | BX29: 1962.13 | BY29: 311.048 | BZ29: 13.182 | CA29: 39.229 | CB29: 0 | CC29: 189.469 | CD29: 0 | CE29: 0 | CF29: 1108.8 | CG29: 0 | CH29: 0 | CI29: 0 | CJ29: 3784.726 | CK29: 0 | CL29: 0 | CM29: 0 | CN29: 0 | CO29: 6295.763 | CP29: 0 | CQ29: 0 | CR29: 0 | CS29: 0 | CT29: 852.631 | CU29: 0 | CV29: 0 | CW29: 0 | CX29: 1962.13 | CY29: 0 | CZ29: 0 | DA29: 0 | DB29: 0 | DC29: 311.048 | DD29: 0 | DE29: 0 | DF29: 0 | DG29: 13.182 | DH29: 0 | DI29: 0 | DJ29: 0 | DK29: 0 | DL29: 39.229 | DM29: 0 | DN29: 0 | DO29: 0 | DP29: 0 | DQ29: 0 | DR29: 0 | DS29: 0 | DT29: 0 | DU29: 0 | DV29: 0 | DW29: 0 | DX29: 0 | DY29: 0 | DZ29: 189.469 | EA29: 0 | EB29: 0 | EC29: 0 | ED29: 0 | EE29: =CD29/BT29 -> 0 | EF29: =CE29/BT29 -> 0 | EG29: =CF29/BT29 -> 1 | EH29: =CG29/BT29 -> 0 | EI29: =CH29/BT29 -> 0 | EJ29: =CI29/BU29 -> 0 | EK29: =CJ29/BU29 -> 1 | EL29: =CK29/BU29 -> 0 | EM29: =CL29/BU29 -> 0 | EN29: =CM29/BU29 -> 0 | EO29: =CN29/BU29 -> 0 | EP29: =CO29/BV29 -> 1 | EQ29: =CP29/BV29 -> 0 | ER29: =CQ29/BV29 -> 0 | ES29: =CR29/BV29 -> 0 | ET29: =CS29/BV29 -> 0 | EU29: =CT29/BW29 -> 1 | EV29: =CU29/BW29 -> 0 | EW29: =CV29/BW29 -> 0 | EX29: =CW29/BW29 -> 0 | EY29: =CX29/BX29 -> 1 | EZ29: =CY29/BX29 -> 0 | FA29: =CZ29/BX29 -> 0 | FB29: =DA29/BX29 -> 0 | FC29: =DB29/BX29 -> 0 | FD29: =DC29/BY29 -> 1 | FE29: =DD29/BY29 -> 0 | FF29: =DE29/BY29 -> 0 | FG29: =DF29/BY29 -> 0 | FH29: =DG29/BZ29 -> 1 | FI29: =DH29/BZ29 -> 0 | FJ29: =DI29/BZ29 -> 0 | FK29: =DJ29/BZ29 -> 0 | FL29: =DK29/BZ29 -> 0 | FM29: =DL29/CA29 -> 1 | FN29: =DM29/CA29 -> 0 | FO29: =DN29/CA29 -> 0 | FP29: =DO29/CA29 -> 0 | FQ29: =DP29/CA29 -> 0 | FR29: =DQ29/CA29 -> 0 | FS29: 0 | FT29: 0 | FU29: 0 | FV29: 0 | FW29: 0 | FX29: 0 | FY29: 0 | FZ29: 0 | GA29: =DZ29/CC29 -> 1 | GB29: =EA29/CC29 -> 0 | GC29: =EB29/CC29 -> 0 | GD29: =EC29/CC29 -> 0 | GE29: =ED29/CC29 -> 0
A30: Brighton and Hove | B30: 88468.583 | C30: =B30-D30 -> 31159.545 | D30: 57309.038 | E30: 0 | F30: 5729.77 | G30: 13210.526 | H30: 1278.0088 | I30: 7567.65 | J30: 1888.4431 | K30: 595.632 | L30: 889.515 | M30: 0 | N30: 0 | O30: =EE30*E30 -> 0 | P30: =EF30*E30 -> 0 | Q30: =EG30*E30 -> 0 | R30: =EH30*E30 -> 0 | S30: =EI30*E30 -> 0 | T30: =EJ30*F30 -> 5729.77 | U30: =EK30*F30 -> 0 | V30: =EL30*F30 -> 0 | W30: =EM30*F30 -> 0 | X30: =EN30*F30 -> 0 | Y30: =EO30*F30 -> 0 | Z30: =EP30*G30 -> 13151.859 | AA30: =EQ30*G30 -> 58.666598 | AB30: =ER30*G30 -> 0 | AC30: =ES30*G30 -> 0 | AD30: =ET30*G30 -> 0 | AE30: =EU30*H30 -> 1278.0088 | AF30: =EV30*H30 -> 0 | AG30: =EW30*H30 -> 0 | AH30: =EX30*H30 -> 0 | AI30: =EY30*I30 -> 7567.65 | AJ30: =EZ30*I30 -> 0 | AK30: =FA30*I30 -> 0 | AL30: =FB30*I30 -> 0 | AM30: =FC30*I30 -> 0 | AN30: =FD30*J30 -> 1886.8555 | AO30: =FE30*J30 -> 1.5876533 | AP30: =FF30*J30 -> 0 | AQ30: =FG30*J30 -> 0 | AR30: =FH30*K30 -> 477.09257 | AS30: =FI30*K30 -> 118.53943 | AT30: =FJ30*K30 -> 0 | AU30: =FK30*K30 -> 0 | AV30: =FL30*K30 -> 0 | AW30: =FM30*L30 -> 885.39454 | AX30: =FN30*L30 -> 4.1204645 | AY30: =FO30*L30 -> 0 | AZ30: =FP30*L30 -> 0 | BA30: =FQ30*L30 -> 0 | BB30: =FR30*L30 -> 0 | BC30: =FS30*M30 -> 0 | BD30: =FT30*M30 -> 0 | BE30: =FU30*M30 -> 0 | BF30: =FV30*M30 -> 0 | BG30: =FW30*M30 -> 0 | BH30: =FX30*M30 -> 0 | BI30: =FY30*M30 -> 0 | BJ30: =FZ30*M30 -> 0 | BK30: =GA30*N30 -> 0 | BL30: =GB30*N30 -> 0 | BM30: =GC30*N30 -> 0 | BN30: =GD30*N30 -> 0 | BO30: =GE30*N30 -> 0 | BP30: Brighton and Hove | BQ30: 240952.11 | BR30: =BZ30+CX30+EC30+FA30+FU30+GS30+HM30+IK30+JM30+KW30 -> 8506.771 | BS30: 182144.51 | BT30: 0 | BU30: 5729.768 | BV30: 20935.856 | BW30: 5003.017 | BX30: 7695.976 | BY30: 9098.146 | BZ30: 810.795 | CA30: 9153.2 | CB30: 0 | CC30: 380.841 | CD30: 0 | CE30: 0 | CF30: 0 | CG30: 0 | CH30: 0 | CI30: 5729.768 | CJ30: 0 | CK30: 0 | CL30: 0 | CM30: 0 | CN30: 0 | CO30: 20842.882 | CP30: 92.974 | CQ30: 0 | CR30: 0 | CS30: 0 | CT30: 5003.017 | CU30: 0 | CV30: 0 | CW30: 0 | CX30: 7695.976 | CY30: 0 | CZ30: 0 | DA30: 0 | DB30: 0 | DC30: 9090.497 | DD30: 7.649 | DE30: 0 | DF30: 0 | DG30: 649.435 | DH30: 161.36 | DI30: 0 | DJ30: 0 | DK30: 0 | DL30: 9110.8 | DM30: 42.4 | DN30: 0 | DO30: 0 | DP30: 0 | DQ30: 0 | DR30: 0 | DS30: 0 | DT30: 0 | DU30: 0 | DV30: 0 | DW30: 0 | DX30: 0 | DY30: 0 | DZ30: 0 | EA30: 380.841 | EB30: 0 | EC30: 0 | ED30: 0 | EE30: 0 | EF30: 0 | EG30: 0 | EH30: 0 | EI30: 0 | EJ30: =CI30/BU30 -> 1 | EK30: =CJ30/BU30 -> 0 | EL30: =CK30/BU30 -> 0 | EM30: =CL30/BU30 -> 0 | EN30: =CM30/BU30 -> 0 | EO30: =CN30/BU30 -> 0 | EP30: =CO30/BV30 -> 0.9955591 | EQ30: =CP30/BV30 -> 0.004440898 | ER30: =CQ30/BV30 -> 0 | ES30: =CR30/BV30 -> 0 | ET30: =CS30/BV30 -> 0 | EU30: =CT30/BW30 -> 1 | EV30: =CU30/BW30 -> 0 | EW30: =CV30/BW30 -> 0 | EX30: =CW30/BW30 -> 0 | EY30: =CX30/BX30 -> 1 | EZ30: =CY30/BX30 -> 0 | FA30: =CZ30/BX30 -> 0 | FB30: =DA30/BX30 -> 0 | FC30: =DB30/BX30 -> 0 | FD30: =DC30/BY30 -> 0.99915928 | FE30: =DD30/BY30 -> 0.00084072074 | FF30: =DE30/BY30 -> 0 | FG30: =DF30/BY30 -> 0 | FH30: =DG30/BZ30 -> 0.80098545 | FI30: =DH30/BZ30 -> 0.19901455 | FJ30: =DI30/BZ30 -> 0 | FK30: =DJ30/BZ30 -> 0 | FL30: =DK30/BZ30 -> 0 | FM30: =DL30/CA30 -> 0.99536774 | FN30: =DM30/CA30 -> 0.0046322598 | FO30: =DN30/CA30 -> 0 | FP30: =DO30/CA30 -> 0 | FQ30: =DP30/CA30 -> 0 | FR30: =DQ30/CA30 -> 0 | FS30: 0 | FT30: 0 | FU30: 0 | FV30: 0 | FW30: 0 | FX30: 0 | FY30: 0 | FZ30: 0 | GA30: =DZ30/CC30 -> 0 | GB30: =EA30/CC30 -> 1 | GC30: =EB30/CC30 -> 0 | GD30: =EC30/CC30 -> 0 | GE30: =ED30/CC30 -> 0
A31: Bristol, City of | B31: 154537.85 | C31: =B31-D31 -> 65335.49 | D31: 89202.36 | E31: 16065.4 | F31: 10956.35 | G31: 15297.54 | H31: 6102.1 | I31: 12207.16 | J31: 3339.7 | K31: 321.69 | L31: 1045.55 | M31: 0 | N31: 0 | O31: =EE31*E31 -> 0 | P31: =EF31*E31 -> 0 | Q31: =EG31*E31 -> 16065.4 | R31: =EH31*E31 -> 0 | S31: =EI31*E31 -> 0 | T31: =EJ31*F31 -> 0 | U31: =EK31*F31 -> 10956.35 | V31: =EL31*F31 -> 0 | W31: =EM31*F31 -> 0 | X31: =EN31*F31 -> 0 | Y31: =EO31*F31 -> 0 | Z31: =EP31*G31 -> 15288.524 | AA31: =EQ31*G31 -> 9.0161404 | AB31: =ER31*G31 -> 0 | AC31: =ES31*G31 -> 0 | AD31: =ET31*G31 -> 0 | AE31: =EU31*H31 -> 6102.1 | AF31: =EV31*H31 -> 0 | AG31: =EW31*H31 -> 0 | AH31: =EX31*H31 -> 0 | AI31: =EY31*I31 -> 12207.16 | AJ31: =EZ31*I31 -> 0 | AK31: =FA31*I31 -> 0 | AL31: =FB31*I31 -> 0 | AM31: =FC31*I31 -> 0 | AN31: =FD31*J31 -> 3325.6075 | AO31: =FE31*J31 -> 14.092545 | AP31: =FF31*J31 -> 0 | AQ31: =FG31*J31 -> 0 | AR31: =FH31*K31 -> 321.69 | AS31: =FI31*K31 -> 0 | AT31: =FJ31*K31 -> 0 | AU31: =FK31*K31 -> 0 | AV31: =FL31*K31 -> 0 | AW31: =FM31*L31 -> 1045.55 | AX31: =FN31*L31 -> 0 | AY31: =FO31*L31 -> 0 | AZ31: =FP31*L31 -> 0 | BA31: =FQ31*L31 -> 0 | BB31: =FR31*L31 -> 0 | BC31: =FS31*M31 -> 0 | BD31: =FT31*M31 -> 0 | BE31: =FU31*M31 -> 0 | BF31: =FV31*M31 -> 0 | BG31: =FW31*M31 -> 0 | BH31: =FX31*M31 -> 0 | BI31: =FY31*M31 -> 0 | BJ31: =FZ31*M31 -> 0 | BK31: =GA31*N31 -> 0 | BL31: =GB31*N31 -> 0 | BM31: =GC31*N31 -> 0 | BN31: =GD31*N31 -> 0 | BO31: =GE31*N31 -> 0 | BP31: Bristol, City of | BQ31: 328280.59 | BR31: =BZ31+CX31+EC31+FA31+FU31+GS31+HM31+IK31+JM31+KW31 -> 14173.43 | BS31: 224982.23 | BT31: 16065.4 | BU31: 11095.94 | BV31: 25653.86 | BW31: 5426.41 | BX31: 13469.86 | BY31: 6834.603 | BZ31: 703.57 | CA31: 2061.76 | CB31: 17225.796 | CC31: 4761.16 | CD31: 0 | CE31: 0 | CF31: 16065.4 | CG31: 0 | CH31: 0 | CI31: 0 | CJ31: 11095.94 | CK31: 0 | CL31: 0 | CM31: 0 | CN31: 0 | CO31: 25638.74 | CP31: 15.12 | CQ31: 0 | CR31: 0 | CS31: 0 | CT31: 5426.41 | CU31: 0 | CV31: 0 | CW31: 0 | CX31: 13469.86 | CY31: 0 | CZ31: 0 | DA31: 0 | DB31: 0 | DC31: 6805.763 | DD31: 28.84 | DE31: 0 | DF31: 0 | DG31: 703.57 | DH31: 0 | DI31: 0 | DJ31: 0 | DK31: 0 | DL31: 2061.76 | DM31: 0 | DN31: 0 | DO31: 0 | DP31: 0 | DQ31: 0 | DR31: 15169.18 | DS31: 0 | DT31: 0 | DU31: 0 | DV31: 0 | DW31: 2056.616 | DX31: 0 | DY31: 0 | DZ31: 4720.82 | EA31: 40.34 | EB31: 0 | EC31: 0 | ED31: 0 | EE31: =CD31/BT31 -> 0 | EF31: =CE31/BT31 -> 0 | EG31: =CF31/BT31 -> 1 | EH31: =CG31/BT31 -> 0 | EI31: =CH31/BT31 -> 0 | EJ31: =CI31/BU31 -> 0 | EK31: =CJ31/BU31 -> 1 | EL31: =CK31/BU31 -> 0 | EM31: =CL31/BU31 -> 0 | EN31: =CM31/BU31 -> 0 | EO31: =CN31/BU31 -> 0 | EP31: =CO31/BV31 -> 0.99941062 | EQ31: =CP31/BV31 -> 0.00058938499 | ER31: =CQ31/BV31 -> 0 | ES31: =CR31/BV31 -> 0 | ET31: =CS31/BV31 -> 0 | EU31: =CT31/BW31 -> 1 | EV31: =CU31/BW31 -> 0 | EW31: =CV31/BW31 -> 0 | EX31: =CW31/BW31 -> 0 | EY31: =CX31/BX31 -> 1 | EZ31: =CY31/BX31 -> 0 | FA31: =CZ31/BX31 -> 0 | FB31: =DA31/BX31 -> 0 | FC31: =DB31/BX31 -> 0 | FD31: =DC31/BY31 -> 0.9957803 | FE31: =DD31/BY31 -> 0.0042197038 | FF31: =DE31/BY31 -> 0 | FG31: =DF31/BY31 -> 0 | FH31: =DG31/BZ31 -> 1 | FI31: =DH31/BZ31 -> 0 | FJ31: =DI31/BZ31 -> 0 | FK31: =DJ31/BZ31 -> 0 | FL31: =DK31/BZ31 -> 0 | FM31: =DL31/CA31 -> 1 | FN31: =DM31/CA31 -> 0 | FO31: =DN31/CA31 -> 0 | FP31: =DO31/CA31 -> 0 | FQ31: =DP31/CA31 -> 0 | FR31: =DQ31/CA31 -> 0 | FS31: =DR31/CB31 -> 0.88060836 | FT31: =DS31/CB31 -> 0 | FU31: =DT31/CB31 -> 0 | FV31: =DU31/CB31 -> 0 | FW31: =DV31/CB31 -> 0 | FX31: =DW31/CB31 -> 0.11939164 | FY31: =DX31/CB31 -> 0 | FZ31: =DY31/CB31 -> 0 | GA31: =DZ31/CC31 -> 0.99152727 | GB31: =EA31/CC31 -> 0.0084727251 | GC31: =EB31/CC31 -> 0 | GD31: =EC31/CC31 -> 0 | GE31: =ED31/CC31 -> 0
A32: Broadland | B32: 37523.32 | C32: =B32-D32 -> 27022.411 | D32: 10500.909 | E32: 2720.019 | F32: 10778.56 | G32: 6273.3987 | H32: 1591.1377 | I32: 4517.6279 | J32: 846.56444 | K32: 194.681 | L32: 100.422 | M32: 0 | N32: 0 | O32: =EE32*E32 -> 2720.019 | P32: =EF32*E32 -> 0 | Q32: =EG32*E32 -> 0 | R32: =EH32*E32 -> 0 | S32: =EI32*E32 -> 0 | T32: =EJ32*F32 -> 0 | U32: =EK32*F32 -> 10778.56 | V32: =EL32*F32 -> 0 | W32: =EM32*F32 -> 0 | X32: =EN32*F32 -> 0 | Y32: =EO32*F32 -> 0 | Z32: =EP32*G32 -> 6273.3987 | AA32: =EQ32*G32 -> 0 | AB32: =ER32*G32 -> 0 | AC32: =ES32*G32 -> 0 | AD32: =ET32*G32 -> 0 | AE32: =EU32*H32 -> 1591.1377 | AF32: =EV32*H32 -> 0 | AG32: =EW32*H32 -> 0 | AH32: =EX32*H32 -> 0 | AI32: =EY32*I32 -> 4517.6279 | AJ32: =EZ32*I32 -> 0 | AK32: =FA32*I32 -> 0 | AL32: =FB32*I32 -> 0 | AM32: =FC32*I32 -> 0 | AN32: =FD32*J32 -> 846.56444 | AO32: =FE32*J32 -> 0 | AP32: =FF32*J32 -> 0 | AQ32: =FG32*J32 -> 0 | AR32: =FH32*K32 -> 194.681 | AS32: =FI32*K32 -> 0 | AT32: =FJ32*K32 -> 0 | AU32: =FK32*K32 -> 0 | AV32: =FL32*K32 -> 0 | AW32: =FM32*L32 -> 100.422 | AX32: =FN32*L32 -> 0 | AY32: =FO32*L32 -> 0 | AZ32: =FP32*L32 -> 0 | BA32: =FQ32*L32 -> 0 | BB32: =FR32*L32 -> 0 | BC32: =FS32*M32 -> 0 | BD32: =FT32*M32 -> 0 | BE32: =FU32*M32 -> 0 | BF32: =FV32*M32 -> 0 | BG32: =FW32*M32 -> 0 | BH32: =FX32*M32 -> 0 | BI32: =FY32*M32 -> 0 | BJ32: =FZ32*M32 -> 0 | BK32: =GA32*N32 -> 0 | BL32: =GB32*N32 -> 0 | BM32: =GC32*N32 -> 0 | BN32: =GD32*N32 -> 0 | BO32: =GE32*N32 -> 0 | BP32: Broadland | BQ32: 63374.296 | BR32: =BZ32+CX32+EC32+FA32+FU32+GS32+HM32+IK32+JM32+KW32 -> 4010.5 | BS32: 27123.773 | BT32: 2720.019 | BU32: 10789.994 | BV32: 13209.41 | BW32: 3534.46 | BX32: 3653.62 | BY32: 1223.58 | BZ32: 356.88 | CA32: 362.78 | CB32: 0 | CC32: 399.78 | CD32: 2720.019 | CE32: 0 | CF32: 0 | CG32: 0 | CH32: 0 | CI32: 0 | CJ32: 10789.994 | CK32: 0 | CL32: 0 | CM32: 0 | CN32: 0 | CO32: 13209.41 | CP32: 0 | CQ32: 0 | CR32: 0 | CS32: 0 | CT32: 3534.46 | CU32: 0 | CV32: 0 | CW32: 0 | CX32: 3653.62 | CY32: 0 | CZ32: 0 | DA32: 0 | DB32: 0 | DC32: 1223.58 | DD32: 0 | DE32: 0 | DF32: 0 | DG32: 356.88 | DH32: 0 | DI32: 0 | DJ32: 0 | DK32: 0 | DL32: 362.78 | DM32: 0 | DN32: 0 | DO32: 0 | DP32: 0 | DQ32: 0 | DR32: 0 | DS32: 0 | DT32: 0 | DU32: 0 | DV32: 0 | DW32: 0 | DX32: 0 | DY32: 0 | DZ32: 399.78 | EA32: 0 | EB32: 0 | EC32: 0 | ED32: 0 | EE32: =CD32/BT32 -> 1 | EF32: =CE32/BT32 -> 0 | EG32: =CF32/BT32 -> 0 | EH32: =CG32/BT32 -> 0 | EI32: =CH32/BT32 -> 0 | EJ32: =CI32/BU32 -> 0 | EK32: =CJ32/BU32 -> 1 | EL32: =CK32/BU32 -> 0 | EM32: =CL32/BU32 -> 0 | EN32: =CM32/BU32 -> 0 | EO32: =CN32/BU32 -> 0 | EP32: =CO32/BV32 -> 1 | EQ32: =CP32/BV32 -> 0 | ER32: =CQ32/BV32 -> 0 | ES32: =CR32/BV32 -> 0 | ET32: =CS32/BV32 -> 0 | EU32: =CT32/BW32 -> 1 | EV32: =CU32/BW32 -> 0 | EW32: =CV32/BW32 -> 0 | EX32: =CW32/BW32 -> 0 | EY32: =CX32/BX32 -> 1 | EZ32: =CY32/BX32 -> 0 | FA32: =CZ32/BX32 -> 0 | FB32: =DA32/BX32 -> 0 | FC32: =DB32/BX32 -> 0 | FD32: =DC32/BY32 -> 1 | FE32: =DD32/BY32 -> 0 | FF32: =DE32/BY32 -> 0 | FG32: =DF32/BY32 -> 0 | FH32: =DG32/BZ32 -> 1 | FI32: =DH32/BZ32 -> 0 | FJ32: =DI32/BZ32 -> 0 | FK32: =DJ32/BZ32 -> 0 | FL32: =DK32/BZ32 -> 0 | FM32: =DL32/CA32 -> 1 | FN32: =DM32/CA32 -> 0 | FO32: =DN32/CA32 -> 0 | FP32: =DO32/CA32 -> 0 | FQ32: =DP32/CA32 -> 0 | FR32: =DQ32/CA32 -> 0 | FS32: 0 | FT32: 0 | FU32: 0 | FV32: 0 | FW32: 0 | FX32: 0 | FY32: 0 | FZ32: 0 | GA32: =DZ32/CC32 -> 1 | GB32: =EA32/CC32 -> 0 | GC32: =EB32/CC32 -> 0 | GD32: =EC32/CC32 -> 0 | GE32: =ED32/CC32 -> 0
A33: Bromley | B33: 106412.72 | C33: =B33-D33 -> 61318.323 | D33: 45094.398 | E33: 10574.1 | F33: 17537.51 | G33: 11877.38 | H33: 2862.2969 | I33: 11799.489 | J33: 2289.6555 | K33: 178.5 | L33: 659.9 | M33: 0 | N33: 3539.492 | O33: =EE33*E33 -> 0 | P33: =EF33*E33 -> 0 | Q33: =EG33*E33 -> 10574.1 | R33: =EH33*E33 -> 0 | S33: =EI33*E33 -> 0 | T33: =EJ33*F33 -> 17537.51 | U33: =EK33*F33 -> 0 | V33: =EL33*F33 -> 0 | W33: =EM33*F33 -> 0 | X33: =EN33*F33 -> 0 | Y33: =EO33*F33 -> 0 | Z33: =EP33*G33 -> 11877.38 | AA33: =EQ33*G33 -> 0 | AB33: =ER33*G33 -> 0 | AC33: =ES33*G33 -> 0 | AD33: =ET33*G33 -> 0 | AE33: =EU33*H33 -> 2862.2969 | AF33: =EV33*H33 -> 0 | AG33: =EW33*H33 -> 0 | AH33: =EX33*H33 -> 0 | AI33: =EY33*I33 -> 11799.489 | AJ33: =EZ33*I33 -> 0 | AK33: =FA33*I33 -> 0 | AL33: =FB33*I33 -> 0 | AM33: =FC33*I33 -> 0 | AN33: =FD33*J33 -> 2289.6555 | AO33: =FE33*J33 -> 0 | AP33: =FF33*J33 -> 0 | AQ33: =FG33*J33 -> 0 | AR33: =FH33*K33 -> 178.5 | AS33: =FI33*K33 -> 0 | AT33: =FJ33*K33 -> 0 | AU33: =FK33*K33 -> 0 | AV33: =FL33*K33 -> 0 | AW33: =FM33*L33 -> 659.9 | AX33: =FN33*L33 -> 0 | AY33: =FO33*L33 -> 0 | AZ33: =FP33*L33 -> 0 | BA33: =FQ33*L33 -> 0 | BB33: =FR33*L33 -> 0 | BC33: =FS33*M33 -> 0 | BD33: =FT33*M33 -> 0 | BE33: =FU33*M33 -> 0 | BF33: =FV33*M33 -> 0 | BG33: =FW33*M33 -> 0 | BH33: =FX33*M33 -> 0 | BI33: =FY33*M33 -> 0 | BJ33: =FZ33*M33 -> 0 | BK33: =GA33*N33 -> 3539.492 | BL33: =GB33*N33 -> 0 | BM33: =GC33*N33 -> 0 | BN33: =GD33*N33 -> 0 | BO33: =GE33*N33 -> 0 | BP33: Bromley | BQ33: 331499.33 | BR33: =BZ33+CX33+EC33+FA33+FU33+GS33+HM33+IK33+JM33+KW33 -> 13086.775 | BS33: 207864.55 | BT33: 10574.1 | BU33: 17139.36 | BV33: 12153.29 | BW33: 24556.65 | BX33: 12770.975 | BY33: 35165.575 | BZ33: 314.8 | CA33: 3299.4 | CB33: 1592.006 | CC33: 6068.621 | CD33: 0 | CE33: 0 | CF33: 10574.1 | CG33: 0 | CH33: 0 | CI33: 17139.36 | CJ33: 0 | CK33: 0 | CL33: 0 | CM33: 0 | CN33: 0 | CO33: 12153.29 | CP33: 0 | CQ33: 0 | CR33: 0 | CS33: 0 | CT33: 24556.65 | CU33: 0 | CV33: 0 | CW33: 0 | CX33: 12770.975 | CY33: 0 | CZ33: 0 | DA33: 0 | DB33: 0 | DC33: 35165.575 | DD33: 0 | DE33: 0 | DF33: 0 | DG33: 314.8 | DH33: 0 | DI33: 0 | DJ33: 0 | DK33: 0 | DL33: 3299.4 | DM33: 0 | DN33: 0 | DO33: 0 | DP33: 0 | DQ33: 0 | DR33: 0 | DS33: 0 | DT33: 1592.006 | DU33: 0 | DV33: 0 | DW33: 0 | DX33: 0 | DY33: 0 | DZ33: 6068.621 | EA33: 0 | EB33: 0 | EC33: 0 | ED33: 0 | EE33: =CD33/BT33 -> 0 | EF33: =CE33/BT33 -> 0 | EG33: =CF33/BT33 -> 1 | EH33: =CG33/BT33 -> 0 | EI33: =CH33/BT33 -> 0 | EJ33: =CI33/BU33 -> 1 | EK33: =CJ33/BU33 -> 0 | EL33: =CK33/BU33 -> 0 | EM33: =CL33/BU33 -> 0 | EN33: =CM33/BU33 -> 0 | EO33: =CN33/BU33 -> 0 | EP33: =CO33/BV33 -> 1 | EQ33: =CP33/BV33 -> 0 | ER33: =CQ33/BV33 -> 0 | ES33: =CR33/BV33 -> 0 | ET33: =CS33/BV33 -> 0 | EU33: =CT33/BW33 -> 1 | EV33: =CU33/BW33 -> 0 | EW33: =CV33/BW33 -> 0 | EX33: =CW33/BW33 -> 0 | EY33: =CX33/BX33 -> 1 | EZ33: =CY33/BX33 -> 0 | FA33: =CZ33/BX33 -> 0 | FB33: =DA33/BX33 -> 0 | FC33: =DB33/BX33 -> 0 | FD33: =DC33/BY33 -> 1 | FE33: =DD33/BY33 -> 0 | FF33: =DE33/BY33 -> 0 | FG33: =DF33/BY33 -> 0 | FH33: =DG33/BZ33 -> 1 | FI33: =DH33/BZ33 -> 0 | FJ33: =DI33/BZ33 -> 0 | FK33: =DJ33/BZ33 -> 0 | FL33: =DK33/BZ33 -> 0 | FM33: =DL33/CA33 -> 1 | FN33: =DM33/CA33 -> 0 | FO33: =DN33/CA33 -> 0 | FP33: =DO33/CA33 -> 0 | FQ33: =DP33/CA33 -> 0 | FR33: =DQ33/CA33 -> 0 | FS33: =DR33/CB33 -> 0 | FT33: =DS33/CB33 -> 0 | FU33: =DT33/CB33 -> 1 | FV33: =DU33/CB33 -> 0 | FW33: =DV33/CB33 -> 0 | FX33: =DW33/CB33 -> 0 | FY33: =DX33/CB33 -> 0 | FZ33: =DY33/CB33 -> 0 | GA33: =DZ33/CC33 -> 1 | GB33: =EA33/CC33 -> 0 | GC33: =EB33/CC33 -> 0 | GD33: =EC33/CC33 -> 0 | GE33: =ED33/CC33 -> 0
A34: Bromsgrove | B34: 27442.39 | C34: =B34-D34 -> 17933.531 | D34: 9508.8593 | E34: 0 | F34: 6749.04 | G34: 5220.7858 | H34: 901.72093 | I34: 4400.1473 | J34: 616.75106 | K34: 19.57 | L34: 18.04 | M34: 0 | N34: 7.475619 | O34: =EE34*E34 -> 0 | P34: =EF34*E34 -> 0 | Q34: =EG34*E34 -> 0 | R34: =EH34*E34 -> 0 | S34: =EI34*E34 -> 0 | T34: =EJ34*F34 -> 0 | U34: =EK34*F34 -> 6749.04 | V34: =EL34*F34 -> 0 | W34: =EM34*F34 -> 0 | X34: =EN34*F34 -> 0 | Y34: =EO34*F34 -> 0 | Z34: =EP34*G34 -> 5220.7858 | AA34: =EQ34*G34 -> 0 | AB34: =ER34*G34 -> 0 | AC34: =ES34*G34 -> 0 | AD34: =ET34*G34 -> 0 | AE34: =EU34*H34 -> 901.72093 | AF34: =EV34*H34 -> 0 | AG34: =EW34*H34 -> 0 | AH34: =EX34*H34 -> 0 | AI34: =EY34*I34 -> 4400.1473 | AJ34: =EZ34*I34 -> 0 | AK34: =FA34*I34 -> 0 | AL34: =FB34*I34 -> 0 | AM34: =FC34*I34 -> 0 | AN34: =FD34*J34 -> 616.16409 | AO34: =FE34*J34 -> 0.58696741 | AP34: =FF34*J34 -> 0 | AQ34: =FG34*J34 -> 0 | AR34: =FH34*K34 -> 19.57 | AS34: =FI34*K34 -> 0 | AT34: =FJ34*K34 -> 0 | AU34: =FK34*K34 -> 0 | AV34: =FL34*K34 -> 0 | AW34: =FM34*L34 -> 2.8152103 | AX34: =FN34*L34 -> 15.22479 | AY34: =FO34*L34 -> 0 | AZ34: =FP34*L34 -> 0 | BA34: =FQ34*L34 -> 0 | BB34: =FR34*L34 -> 0 | BC34: =FS34*M34 -> 0 | BD34: =FT34*M34 -> 0 | BE34: =FU34*M34 -> 0 | BF34: =FV34*M34 -> 0 | BG34: =FW34*M34 -> 0 | BH34: =FX34*M34 -> 0 | BI34: =FY34*M34 -> 0 | BJ34: =FZ34*M34 -> 0 | BK34: =GA34*N34 -> 5.3124752 | BL34: =GB34*N34 -> 2.1631438 | BM34: =GC34*N34 -> 0 | BN34: =GD34*N34 -> 0 | BO34: =GE34*N34 -> 0 | BP34: Bromsgrove | BQ34: 33367.249 | BR34: =BZ34+CX34+EC34+FA34+FU34+GS34+HM34+IK34+JM34+KW34 -> 3464.785 | BS34: 13926.57 | BT34: 0 | BU34: 6780.96 | BV34: 6100.142 | BW34: 1648.14 | BX34: 3445.23 | BY34: 935.16 | BZ34: 19.555 | CA34: 130.596 | CB34: 0 | CC34: 380.896 | CD34: 0 | CE34: 0 | CF34: 0 | CG34: 0 | CH34: 0 | CI34: 0 | CJ34: 6780.96 | CK34: 0 | CL34: 0 | CM34: 0 | CN34: 0 | CO34: 6100.142 | CP34: 0 | CQ34: 0 | CR34: 0 | CS34: 0 | CT34: 1648.14 | CU34: 0 | CV34: 0 | CW34: 0 | CX34: 3445.23 | CY34: 0 | CZ34: 0 | DA34: 0 | DB34: 0 | DC34: 934.27 | DD34: 0.89 | DE34: 0 | DF34: 0 | DG34: 19.555 | DH34: 0 | DI34: 0 | DJ34: 0 | DK34: 0 | DL34: 20.38 | DM34: 110.216 | DN34: 0 | DO34: 0 | DP34: 0 | DQ34: 0 | DR34: 0 | DS34: 0 | DT34: 0 | DU34: 0 | DV34: 0 | DW34: 0 | DX34: 0 | DY34: 0 | DZ34: 270.68 | EA34: 110.216 | EB34: 0 | EC34: 0 | ED34: 0 | EE34: 0 | EF34: 0 | EG34: 0 | EH34: 0 | EI34: 0 | EJ34: =CI34/BU34 -> 0 | EK34: =CJ34/BU34 -> 1 | EL34: =CK34/BU34 -> 0 | EM34: =CL34/BU34 -> 0 | EN34: =CM34/BU34 -> 0 | EO34: =CN34/BU34 -> 0 | EP34: =CO34/BV34 -> 1 | EQ34: =CP34/BV34 -> 0 | ER34: =CQ34/BV34 -> 0 | ES34: =CR34/BV34 -> 0 | ET34: =CS34/BV34 -> 0 | EU34: =CT34/BW34 -> 1 | EV34: =CU34/BW34 -> 0 | EW34: =CV34/BW34 -> 0 | EX34: =CW34/BW34 -> 0 | EY34: =CX34/BX34 -> 1 | EZ34: =CY34/BX34 -> 0 | FA34: =CZ34/BX34 -> 0 | FB34: =DA34/BX34 -> 0 | FC34: =DB34/BX34 -> 0 | FD34: =DC34/BY34 -> 0.99904829 | FE34: =DD34/BY34 -> 0.0009517088 | FF34: =DE34/BY34 -> 0 | FG34: =DF34/BY34 -> 0 | FH34: =DG34/BZ34 -> 1 | FI34: =DH34/BZ34 -> 0 | FJ34: =DI34/BZ34 -> 0 | FK34: =DJ34/BZ34 -> 0 | FL34: =DK34/BZ34 -> 0 | FM34: =DL34/CA34 -> 0.15605378 | FN34: =DM34/CA34 -> 0.84394622 | FO34: =DN34/CA34 -> 0 | FP34: =DO34/CA34 -> 0 | FQ34: =DP34/CA34 -> 0 | FR34: =DQ34/CA34 -> 0 | FS34: 0 | FT34: 0 | FU34: 0 | FV34: 0 | FW34: 0 | FX34: 0 | FY34: 0 | FZ34: 0 | GA34: =DZ34/CC34 -> 0.71064017 | GB34: =EA34/CC34 -> 0.28935983 | GC34: =EB34/CC34 -> 0 | GD34: =EC34/CC34 -> 0 | GE34: =ED34/CC34 -> 0
A35: Broxbourne | B35: 31333.86 | C35: =B35-D35 -> 12788.054 | D35: 18545.806 | E35: 1928 | F35: 3939.96 | G35: 3068.9432 | H35: 1211.0619 | I35: 2072.8864 | J35: 420.8421 | K35: 117.9 | L35: 28.46 | M35: 0 | N35: 0 | O35: =EE35*E35 -> 0 | P35: =EF35*E35 -> 0 | Q35: =EG35*E35 -> 1928 | R35: =EH35*E35 -> 0 | S35: =EI35*E35 -> 0 | T35: =EJ35*F35 -> 0 | U35: =EK35*F35 -> 3939.96 | V35: =EL35*F35 -> 0 | W35: =EM35*F35 -> 0 | X35: =EN35*F35 -> 0 | Y35: =EO35*F35 -> 0 | Z35: =EP35*G35 -> 3068.9432 | AA35: =EQ35*G35 -> 0 | AB35: =ER35*G35 -> 0 | AC35: =ES35*G35 -> 0 | AD35: =ET35*G35 -> 0 | AE35: =EU35*H35 -> 1211.0619 | AF35: =EV35*H35 -> 0 | AG35: =EW35*H35 -> 0 | AH35: =EX35*H35 -> 0 | AI35: =EY35*I35 -> 2072.8864 | AJ35: =EZ35*I35 -> 0 | AK35: =FA35*I35 -> 0 | AL35: =FB35*I35 -> 0 | AM35: =FC35*I35 -> 0 | AN35: =FD35*J35 -> 420.8421 | AO35: =FE35*J35 -> 0 | AP35: =FF35*J35 -> 0 | AQ35: =FG35*J35 -> 0 | AR35: =FH35*K35 -> 34.368035 | AS35: =FI35*K35 -> 83.531965 | AT35: =FJ35*K35 -> 0 | AU35: =FK35*K35 -> 0 | AV35: =FL35*K35 -> 0 | AW35: =FM35*L35 -> 28.46 | AX35: =FN35*L35 -> 0 | AY35: =FO35*L35 -> 0 | AZ35: =FP35*L35 -> 0 | BA35: =FQ35*L35 -> 0 | BB35: =FR35*L35 -> 0 | BC35: =FS35*M35 -> 0 | BD35: =FT35*M35 -> 0 | BE35: =FU35*M35 -> 0 | BF35: =FV35*M35 -> 0 | BG35: =FW35*M35 -> 0 | BH35: =FX35*M35 -> 0 | BI35: =FY35*M35 -> 0 | BJ35: =FZ35*M35 -> 0 | BK35: =GA35*N35 -> 0 | BL35: =GB35*N35 -> 0 | BM35: =GC35*N35 -> 0 | BN35: =GD35*N35 -> 0 | BO35: =GE35*N35 -> 0 | BP35: Broxbourne | BQ35: 16779.829 | BR35: =BZ35+CX35+EC35+FA35+FU35+GS35+HM35+IK35+JM35+KW35 -> 2233.232 | BS35: 3497.76 | BT35: 1928 | BU35: 3939.96 | BV35: 3064.83 | BW35: 1088.584 | BX35: 2063.13 | BY35: 393.789 | BZ35: 170.102 | CA35: 43.094 | CB35: 0 | CC35: 590.58 | CD35: 0 | CE35: 0 | CF35: 1928 | CG35: 0 | CH35: 0 | CI35: 0 | CJ35: 3939.96 | CK35: 0 | CL35: 0 | CM35: 0 | CN35: 0 | CO35: 3064.83 | CP35: 0 | CQ35: 0 | CR35: 0 | CS35: 0 | CT35: 1088.584 | CU35: 0 | CV35: 0 | CW35: 0 | CX35: 2063.13 | CY35: 0 | CZ35: 0 | DA35: 0 | DB35: 0 | DC35: 393.789 | DD35: 0 | DE35: 0 | DF35: 0 | DG35: 49.585 | DH35: 120.517 | DI35: 0 | DJ35: 0 | DK35: 0 | DL35: 43.094 | DM35: 0 | DN35: 0 | DO35: 0 | DP35: 0 | DQ35: 0 | DR35: 0 | DS35: 0 | DT35: 0 | DU35: 0 | DV35: 0 | DW35: 0 | DX35: 0 | DY35: 0 | DZ35: 590.58 | EA35: 0 | EB35: 0 | EC35: 0 | ED35: 0 | EE35: 0 | EF35: =CE35/BT35 -> 0 | EG35: =CF35/BT35 -> 1 | EH35: =CG35/BT35 -> 0 | EI35: =CH35/BT35 -> 0 | EJ35: =CI35/BU35 -> 0 | EK35: =CJ35/BU35 -> 1 | EL35: =CK35/BU35 -> 0 | EM35: =CL35/BU35 -> 0 | EN35: =CM35/BU35 -> 0 | EO35: =CN35/BU35 -> 0 | EP35: =CO35/BV35 -> 1 | EQ35: =CP35/BV35 -> 0 | ER35: =CQ35/BV35 -> 0 | ES35: =CR35/BV35 -> 0 | ET35: =CS35/BV35 -> 0 | EU35: =CT35/BW35 -> 1 | EV35: =CU35/BW35 -> 0 | EW35: =CV35/BW35 -> 0 | EX35: =CW35/BW35 -> 0 | EY35: =CX35/BX35 -> 1 | EZ35: =CY35/BX35 -> 0 | FA35: =CZ35/BX35 -> 0 | FB35: =DA35/BX35 -> 0 | FC35: =DB35/BX35 -> 0 | FD35: =DC35/BY35 -> 1 | FE35: =DD35/BY35 -> 0 | FF35: =DE35/BY35 -> 0 | FG35: =DF35/BY35 -> 0 | FH35: =DG35/BZ35 -> 0.29150157 | FI35: =DH35/BZ35 -> 0.70849843 | FJ35: =DI35/BZ35 -> 0 | FK35: =DJ35/BZ35 -> 0 | FL35: =DK35/BZ35 -> 0 | FM35: =DL35/CA35 -> 1 | FN35: =DM35/CA35 -> 0 | FO35: =DN35/CA35 -> 0 | FP35: =DO35/CA35 -> 0 | FQ35: =DP35/CA35 -> 0 | FR35: =DQ35/CA35 -> 0 | FS35: 0 | FT35: 0 | FU35: 0 | FV35: 0 | FW35: 0 | FX35: 0 | FY35: 0 | FZ35: 0 | GA35: =DZ35/CC35 -> 1 | GB35: =EA35/CC35 -> 0 | GC35: =EB35/CC35 -> 0 | GD35: =EC35/CC35 -> 0 | GE35: =ED35/CC35 -> 0
A36: Broxtowe | B36: 34252.623 | C36: =B36-D36 -> 14852.004 | D36: 19400.619 | E36: 0 | F36: 5847.65 | G36: 5353.8465 | H36: 792.54836 | I36: 2311.249 | J36: 518.00999 | K36: 28.7 | L36: 0 | M36: 0 | N36: 0 | O36: =EE36*E36 -> 0 | P36: =EF36*E36 -> 0 | Q36: =EG36*E36 -> 0 | R36: =EH36*E36 -> 0 | S36: =EI36*E36 -> 0 | T36: =EJ36*F36 -> 0 | U36: =EK36*F36 -> 5847.65 | V36: =EL36*F36 -> 0 | W36: =EM36*F36 -> 0 | X36: =EN36*F36 -> 0 | Y36: =EO36*F36 -> 0 | Z36: =EP36*G36 -> 5348.4931 | AA36: =EQ36*G36 -> 0 | AB36: =ER36*G36 -> 0 | AC36: =ES36*G36 -> 0 | AD36: =ET36*G36 -> 0 | AE36: =EU36*H36 -> 792.54836 | AF36: =EV36*H36 -> 0 | AG36: =EW36*H36 -> 0 | AH36: =EX36*H36 -> 0 | AI36: =EY36*I36 -> 2311.249 | AJ36: =EZ36*I36 -> 0 | AK36: =FA36*I36 -> 0 | AL36: =FB36*I36 -> 0 | AM36: =FC36*I36 -> 0 | AN36: =FD36*J36 -> 518.00999 | AO36: =FE36*J36 -> 0 | AP36: =FF36*J36 -> 0 | AQ36: =FG36*J36 -> 0 | AR36: =FH36*K36 -> 9.4395349 | AS36: =FI36*K36 -> 19.260465 | AT36: =FJ36*K36 -> 0 | AU36: =FK36*K36 -> 0 | AV36: =FL36*K36 -> 0 | AW36: =FM36*L36 -> 0 | AX36: =FN36*L36 -> 0 | AY36: =FO36*L36 -> 0 | AZ36: =FP36*L36 -> 0 | BA36: =FQ36*L36 -> 0 | BB36: =FR36*L36 -> 0 | BC36: =FS36*M36 -> 0 | BD36: =FT36*M36 -> 0 | BE36: =FU36*M36 -> 0 | BF36: =FV36*M36 -> 0 | BG36: =FW36*M36 -> 0 | BH36: =FX36*M36 -> 0 | BI36: =FY36*M36 -> 0 | BJ36: =FZ36*M36 -> 0 | BK36: =GA36*N36 -> 0 | BL36: =GB36*N36 -> 0 | BM36: =GC36*N36 -> 0 | BN36: =GD36*N36 -> 0 | BO36: =GE36*N36 -> 0 | BP36: Broxtowe | BQ36: 25712.753 | BR36: =BZ36+CX36+EC36+FA36+FU36+GS36+HM36+IK36+JM36+KW36 -> 2341.349 | BS36: 8805.764 | BT36: 0 | BU36: 5847.56 | BV36: 7650.73 | BW36: 620.55 | BX36: 2311.249 | BY36: 446.8 | BZ36: 30.1 | CA36: 0 | CB36: 0 | CC36: 0 | CD36: 0 | CE36: 0 | CF36: 0 | CG36: 0 | CH36: 0 | CI36: 0 | CJ36: 5847.56 | CK36: 0 | CL36: 0 | CM36: 0 | CN36: 0 | CO36: 7643.08 | CP36: 0 | CQ36: 0 | CR36: 0 | CS36: 0 | CT36: 620.55 | CU36: 0 | CV36: 0 | CW36: 0 | CX36: 2311.249 | CY36: 0 | CZ36: 0 | DA36: 0 | DB36: 0 | DC36: 446.8 | DD36: 0 | DE36: 0 | DF36: 0 | DG36: 9.9 | DH36: 20.2 | DI36: 0 | DJ36: 0 | DK36: 0 | DL36: 0 | DM36: 0 | DN36: 0 | DO36: 0 | DP36: 0 | DQ36: 0 | DR36: 0 | DS36: 0 | DT36: 0 | DU36: 0 | DV36: 0 | DW36: 0 | DX36: 0 | DY36: 0 | DZ36: 0 | EA36: 0 | EB36: 0 | EC36: 0 | ED36: 0 | EE36: 0 | EF36: 0 | EG36: 0 | EH36: 0 | EI36: 0 | EJ36: =CI36/BU36 -> 0 | EK36: =CJ36/BU36 -> 1 | EL36: =CK36/BU36 -> 0 | EM36: =CL36/BU36 -> 0 | EN36: =CM36/BU36 -> 0 | EO36: =CN36/BU36 -> 0 | EP36: =CO36/BV36 -> 0.9990001 | EQ36: =CP36/BV36 -> 0 | ER36: =CQ36/BV36 -> 0 | ES36: =CR36/BV36 -> 0 | ET36: =CS36/BV36 -> 0 | EU36: =CT36/BW36 -> 1 | EV36: =CU36/BW36 -> 0 | EW36: =CV36/BW36 -> 0 | EX36: =CW36/BW36 -> 0 | EY36: =CX36/BX36 -> 1 | EZ36: =CY36/BX36 -> 0 | FA36: =CZ36/BX36 -> 0 | FB36: =DA36/BX36 -> 0 | FC36: =DB36/BX36 -> 0 | FD36: =DC36/BY36 -> 1 | FE36: =DD36/BY36 -> 0 | FF36: =DE36/BY36 -> 0 | FG36: =DF36/BY36 -> 0 | FH36: =DG36/BZ36 -> 0.32890365 | FI36: =DH36/BZ36 -> 0.67109635 | FJ36: =DI36/BZ36 -> 0 | FK36: =DJ36/BZ36 -> 0 | FL36: =DK36/BZ36 -> 0 | FM36: 0 | FN36: 0 | FO36: 0 | FP36: 0 | FQ36: 0 | FR36: 0 | FS36: 0 | FT36: 0 | FU36: 0 | FV36: 0 | FW36: 0 | FX36: 0 | FY36: 0 | FZ36: 0 | GA36: 0 | GB36: 0 | GC36: 0 | GD36: 0 | GE36: 0
A37: Buckinghamshire | B37: 176489 | C37: =B37-D37 -> 130841.12 | D37: 45647.876 | E37: 16082.68 | F37: 38927.394 | G37: 25532.166 | H37: 6183.4969 | I37: 22981.414 | J37: 6261.8973 | K37: 987.58289 | L37: 2054.3393 | M37: 0.3767654 | N37: 11829.775 | O37: =EE37*E37 -> 0 | P37: =EF37*E37 -> 0 | Q37: =EG37*E37 -> 16082.68 | R37: =EH37*E37 -> 0 | S37: =EI37*E37 -> 0 | T37: =EJ37*F37 -> 0 | U37: =EK37*F37 -> 38927.394 | V37: =EL37*F37 -> 0 | W37: =EM37*F37 -> 0 | X37: =EN37*F37 -> 0 | Y37: =EO37*F37 -> 0 | Z37: =EP37*G37 -> 25528.602 | AA37: =EQ37*G37 -> 5.5756563 | AB37: =ER37*G37 -> 0 | AC37: =ES37*G37 -> 0 | AD37: =ET37*G37 -> 3.564047 | AE37: =EU37*H37 -> 5281.3685 | AF37: =EV37*H37 -> 902.12837 | AG37: =EW37*H37 -> 0 | AH37: =EX37*H37 -> 0 | AI37: =EY37*I37 -> 22981.414 | AJ37: =EZ37*I37 -> 0 | AK37: =FA37*I37 -> 0 | AL37: =FB37*I37 -> 0 | AM37: =FC37*I37 -> 0 | AN37: =FD37*J37 -> 5619.04 | AO37: =FE37*J37 -> 642.85724 | AP37: =FF37*J37 -> 0 | AQ37: =FG37*J37 -> 0 | AR37: =FH37*K37 -> 740.35707 | AS37: =FI37*K37 -> 247.22583 | AT37: =FJ37*K37 -> 0 | AU37: =FK37*K37 -> 0 | AV37: =FL37*K37 -> 0 | AW37: =FM37*L37 -> 2054.3393 | AX37: =FN37*L37 -> 0 | AY37: =FO37*L37 -> 0 | AZ37: =FP37*L37 -> 0 | BA37: =FQ37*L37 -> 0 | BB37: =FR37*L37 -> 0 | BC37: =FS37*M37 -> 0.3767654 | BD37: =FT37*M37 -> 0 | BE37: =FU37*M37 -> 0 | BF37: =FV37*M37 -> 0 | BG37: =FW37*M37 -> 0 | BH37: =FX37*M37 -> 0 | BI37: =FY37*M37 -> 0 | BJ37: =FZ37*M37 -> 0 | BK37: =GA37*N37 -> 1576.2604 | BL37: =GB37*N37 -> 10253.515 | BM37: =GC37*N37 -> 0 | BN37: =GD37*N37 -> 0 | BO37: =GE37*N37 -> 0 | BP37: Buckinghamshire | BQ37: 410228.73 | BR37: =BZ37+CX37+EC37+FA37+FU37+GS37+HM37+IK37+JM37+KW37 -> 19307.807 | BS37: 275544.86 | BT37: 16082.68 | BU37: 36611.59 | BV37: 35031.046 | BW37: 5846.48 | BX37: 18116.352 | BY37: 8631.551 | BZ37: 1191.455 | CA37: 4908.116 | CB37: 6296.43 | CC37: 1968.169 | CD37: 0 | CE37: 0 | CF37: 16082.68 | CG37: 0 | CH37: 0 | CI37: 0 | CJ37: 36611.59 | CK37: 0 | CL37: 0 | CM37: 0 | CN37: 0 | CO37: 35026.156 | CP37: 7.65 | CQ37: 0 | CR37: 0 | CS37: 4.89 | CT37: 4993.52 | CU37: 852.96 | CV37: 0 | CW37: 0 | CX37: 18116.352 | CY37: 0 | CZ37: 0 | DA37: 0 | DB37: 0 | DC37: 7745.421 | DD37: 886.13 | DE37: 0 | DF37: 0 | DG37: 893.193 | DH37: 298.262 | DI37: 0 | DJ37: 0 | DK37: 0 | DL37: 4908.116 | DM37: 0 | DN37: 0 | DO37: 0 | DP37: 0 | DQ37: 0 | DR37: 6296.43 | DS37: 0 | DT37: 0 | DU37: 0 | DV37: 0 | DW37: 0 | DX37: 0 | DY37: 0 | DZ37: 262.249 | EA37: 1705.92 | EB37: 0 | EC37: 0 | ED37: 0 | EE37: =CD37/BT37 -> 0 | EF37: =CE37/BT37 -> 0 | EG37: =CF37/BT37 -> 1 | EH37: =CG37/BT37 -> 0 | EI37: =CH37/BT37 -> 0 | EJ37: =CI37/BU37 -> 0 | EK37: =CJ37/BU37 -> 1 | EL37: =CK37/BU37 -> 0 | EM37: =CL37/BU37 -> 0 | EN37: =CM37/BU37 -> 0 | EO37: =CN37/BU37 -> 0 | EP37: =CO37/BV37 -> 0.99986041 | EQ37: =CP37/BV37 -> 0.00021837772 | ER37: =CQ37/BV37 -> 0 | ES37: =CR37/BV37 -> 0 | ET37: =CS37/BV37 -> 0.00013959046 | EU37: =CT37/BW37 -> 0.85410709 | EV37: =CU37/BW37 -> 0.14589291 | EW37: =CV37/BW37 -> 0 | EX37: =CW37/BW37 -> 0 | EY37: =CX37/BX37 -> 1 | EZ37: =CY37/BX37 -> 0 | FA37: =CZ37/BX37 -> 0 | FB37: =DA37/BX37 -> 0 | FC37: =DB37/BX37 -> 0 | FD37: =DC37/BY37 -> 0.89733827 | FE37: =DD37/BY37 -> 0.10266173 | FF37: =DE37/BY37 -> 0 | FG37: =DF37/BY37 -> 0 | FH37: =DG37/BZ37 -> 0.74966574 | FI37: =DH37/BZ37 -> 0.25033426 | FJ37: =DI37/BZ37 -> 0 | FK37: =DJ37/BZ37 -> 0 | FL37: =DK37/BZ37 -> 0 | FM37: =DL37/CA37 -> 1 | FN37: =DM37/CA37 -> 0 | FO37: =DN37/CA37 -> 0 | FP37: =DO37/CA37 -> 0 | FQ37: =DP37/CA37 -> 0 | FR37: =DQ37/CA37 -> 0 | FS37: =DR37/CB37 -> 1 | FT37: =DS37/CB37 -> 0 | FU37: =DT37/CB37 -> 0 | FV37: =DU37/CB37 -> 0 | FW37: =DV37/CB37 -> 0 | FX37: =DW37/CB37 -> 0 | FY37: =DX37/CB37 -> 0 | FZ37: =DY37/CB37 -> 0 | GA37: =DZ37/CC37 -> 0.13324516 | GB37: =EA37/CC37 -> 0.86675484 | GC37: =EB37/CC37 -> 0 | GD37: =EC37/CC37 -> 0 | GE37: =ED37/CC37 -> 0
A38: Burnley | B38: 26096.75 | C38: =B38-D38 -> 12175.977 | D38: 13920.773 | E38: 0 | F38: 2082.82 | G38: 5165.5501 | H38: 1064.3175 | I38: 3192.9654 | J38: 651.99415 | K38: 18.33 | L38: 0 | M38: 0 | N38: 0 | O38: =EE38*E38 -> 0 | P38: =EF38*E38 -> 0 | Q38: =EG38*E38 -> 0 | R38: =EH38*E38 -> 0 | S38: =EI38*E38 -> 0 | T38: =EJ38*F38 -> 0 | U38: =EK38*F38 -> 2082.82 | V38: =EL38*F38 -> 0 | W38: =EM38*F38 -> 0 | X38: =EN38*F38 -> 0 | Y38: =EO38*F38 -> 0 | Z38: =EP38*G38 -> 5165.5501 | AA38: =EQ38*G38 -> 0 | AB38: =ER38*G38 -> 0 | AC38: =ES38*G38 -> 0 | AD38: =ET38*G38 -> 0 | AE38: =EU38*H38 -> 1064.3175 | AF38: =EV38*H38 -> 0 | AG38: =EW38*H38 -> 0 | AH38: =EX38*H38 -> 0 | AI38: =EY38*I38 -> 3192.9654 | AJ38: =EZ38*I38 -> 0 | AK38: =FA38*I38 -> 0 | AL38: =FB38*I38 -> 0 | AM38: =FC38*I38 -> 0 | AN38: =FD38*J38 -> 651.99415 | AO38: =FE38*J38 -> 0 | AP38: =FF38*J38 -> 0 | AQ38: =FG38*J38 -> 0 | AR38: =FH38*K38 -> 18.33 | AS38: =FI38*K38 -> 0 | AT38: =FJ38*K38 -> 0 | AU38: =FK38*K38 -> 0 | AV38: =FL38*K38 -> 0 | AW38: =FM38*L38 -> 0 | AX38: =FN38*L38 -> 0 | AY38: =FO38*L38 -> 0 | AZ38: =FP38*L38 -> 0 | BA38: =FQ38*L38 -> 0 | BB38: =FR38*L38 -> 0 | BC38: =FS38*M38 -> 0 | BD38: =FT38*M38 -> 0 | BE38: =FU38*M38 -> 0 | BF38: =FV38*M38 -> 0 | BG38: =FW38*M38 -> 0 | BH38: =FX38*M38 -> 0 | BI38: =FY38*M38 -> 0 | BJ38: =FZ38*M38 -> 0 | BK38: =GA38*N38 -> 0 | BL38: =GB38*N38 -> 0 | BM38: =GC38*N38 -> 0 | BN38: =GD38*N38 -> 0 | BO38: =GE38*N38 -> 0 | BP38: Burnley | BQ38: 17667.36 | BR38: =BZ38+CX38+EC38+FA38+FU38+GS38+HM38+IK38+JM38+KW38 -> 2518.36 | BS38: 8521.28 | BT38: 0 | BU38: 2082.82 | BV38: 2394.72 | BW38: 833.34 | BX38: 2500.03 | BY38: 457.24 | BZ38: 18.33 | CA38: 0 | CB38: 0 | CC38: 859.6 | CD38: 0 | CE38: 0 | CF38: 0 | CG38: 0 | CH38: 0 | CI38: 0 | CJ38: 2082.82 | CK38: 0 | CL38: 0 | CM38: 0 | CN38: 0 | CO38: 2394.72 | CP38: 0 | CQ38: 0 | CR38: 0 | CS38: 0 | CT38: 833.34 | CU38: 0 | CV38: 0 | CW38: 0 | CX38: 2500.03 | CY38: 0 | CZ38: 0 | DA38: 0 | DB38: 0 | DC38: 457.24 | DD38: 0 | DE38: 0 | DF38: 0 | DG38: 18.33 | DH38: 0 | DI38: 0 | DJ38: 0 | DK38: 0 | DL38: 0 | DM38: 0 | DN38: 0 | DO38: 0 | DP38: 0 | DQ38: 0 | DR38: 0 | DS38: 0 | DT38: 0 | DU38: 0 | DV38: 0 | DW38: 0 | DX38: 0 | DY38: 0 | DZ38: 859.6 | EA38: 0 | EB38: 0 | EC38: 0 | ED38: 0 | EE38: 0 | EF38: 0 | EG38: 0 | EH38: 0 | EI38: 0 | EJ38: =CI38/BU38 -> 0 | EK38: =CJ38/BU38 -> 1 | EL38: =CK38/BU38 -> 0 | EM38: =CL38/BU38 -> 0 | EN38: =CM38/BU38 -> 0 | EO38: =CN38/BU38 -> 0 | EP38: =CO38/BV38 -> 1 | EQ38: =CP38/BV38 -> 0 | ER38: =CQ38/BV38 -> 0 | ES38: =CR38/BV38 -> 0 | ET38: =CS38/BV38 -> 0 | EU38: =CT38/BW38 -> 1 | EV38: =CU38/BW38 -> 0 | EW38: =CV38/BW38 -> 0 | EX38: =CW38/BW38 -> 0 | EY38: =CX38/BX38 -> 1 | EZ38: =CY38/BX38 -> 0 | FA38: =CZ38/BX38 -> 0 | FB38: =DA38/BX38 -> 0 | FC38: =DB38/BX38 -> 0 | FD38: =DC38/BY38 -> 1 | FE38: =DD38/BY38 -> 0 | FF38: =DE38/BY38 -> 0 | FG38: =DF38/BY38 -> 0 | FH38: =DG38/BZ38 -> 1 | FI38: =DH38/BZ38 -> 0 | FJ38: =DI38/BZ38 -> 0 | FK38: =DJ38/BZ38 -> 0 | FL38: =DK38/BZ38 -> 0 | FM38: 0 | FN38: 0 | FO38: 0 | FP38: 0 | FQ38: 0 | FR38: 0 | FS38: 0 | FT38: 0 | FU38: 0 | FV38: 0 | FW38: 0 | FX38: 0 | FY38: 0 | FZ38: 0 | GA38: =DZ38/CC38 -> 1 | GB38: =EA38/CC38 -> 0 | GC38: =EB38/CC38 -> 0 | GD38: =EC38/CC38 -> 0 | GE38: =ED38/CC38 -> 0
A39: Bury | B39: 52132.909 | C39: =B39-D39 -> 43206.929 | D39: 8925.9798 | E39: 0 | F39: 16223.38 | G39: 6589.55 | H39: 1592.1467 | I39: 7227.0755 | J39: 1583.3102 | K39: 5.179 | L39: 0 | M39: 0 | N39: 9986.2878 | O39: =EE39*E39 -> 0 | P39: =EF39*E39 -> 0 | Q39: =EG39*E39 -> 0 | R39: =EH39*E39 -> 0 | S39: =EI39*E39 -> 0 | T39: =EJ39*F39 -> 16223.38 | U39: =EK39*F39 -> 0 | V39: =EL39*F39 -> 0 | W39: =EM39*F39 -> 0 | X39: =EN39*F39 -> 0 | Y39: =EO39*F39 -> 0 | Z39: =EP39*G39 -> 6589.55 | AA39: =EQ39*G39 -> 0 | AB39: =ER39*G39 -> 0 | AC39: =ES39*G39 -> 0 | AD39: =ET39*G39 -> 0 | AE39: =EU39*H39 -> 1592.1467 | AF39: =EV39*H39 -> 0 | AG39: =EW39*H39 -> 0 | AH39: =EX39*H39 -> 0 | AI39: =EY39*I39 -> 7227.0755 | AJ39: =EZ39*I39 -> 0 | AK39: =FA39*I39 -> 0 | AL39: =FB39*I39 -> 0 | AM39: =FC39*I39 -> 0 | AN39: =FD39*J39 -> 1583.3102 | AO39: =FE39*J39 -> 0 | AP39: =FF39*J39 -> 0 | AQ39: =FG39*J39 -> 0 | AR39: =FH39*K39 -> 5.179 | AS39: =FI39*K39 -> 0 | AT39: =FJ39*K39 -> 0 | AU39: =FK39*K39 -> 0 | AV39: =FL39*K39 -> 0 | AW39: =FM39*L39 -> 0 | AX39: =FN39*L39 -> 0 | AY39: =FO39*L39 -> 0 | AZ39: =FP39*L39 -> 0 | BA39: =FQ39*L39 -> 0 | BB39: =FR39*L39 -> 0 | BC39: =FS39*M39 -> 0 | BD39: =FT39*M39 -> 0 | BE39: =FU39*M39 -> 0 | BF39: =FV39*M39 -> 0 | BG39: =FW39*M39 -> 0 | BH39: =FX39*M39 -> 0 | BI39: =FY39*M39 -> 0 | BJ39: =FZ39*M39 -> 0 | BK39: =GA39*N39 -> 0 | BL39: =GB39*N39 -> 0 | BM39: =GC39*N39 -> 0 | BN39: =GD39*N39 -> 0 | BO39: =GE39*N39 -> 0 | BP39: Bury | BQ39: 53679.889 | BR39: =BZ39+CX39+EC39+FA39+FU39+GS39+HM39+IK39+JM39+KW39 -> 5663.832 | BS39: 16262.719 | BT39: 0 | BU39: 16223.36 | BV39: 13177.92 | BW39: 1247.152 | BX39: 5658.66 | BY39: 1104.906 | BZ39: 5.172 | CA39: 0 | CB39: 0 | CC39: 0 | CD39: 0 | CE39: 0 | CF39: 0 | CG39: 0 | CH39: 0 | CI39: 16223.36 | CJ39: 0 | CK39: 0 | CL39: 0 | CM39: 0 | CN39: 0 | CO39: 13177.92 | CP39: 0 | CQ39: 0 | CR39: 0 | CS39: 0 | CT39: 1247.152 | CU39: 0 | CV39: 0 | CW39: 0 | CX39: 5658.66 | CY39: 0 | CZ39: 0 | DA39: 0 | DB39: 0 | DC39: 1104.906 | DD39: 0 | DE39: 0 | DF39: 0 | DG39: 5.172 | DH39: 0 | DI39: 0 | DJ39: 0 | DK39: 0 | DL39: 0 | DM39: 0 | DN39: 0 | DO39: 0 | DP39: 0 | DQ39: 0 | DR39: 0 | DS39: 0 | DT39: 0 | DU39: 0 | DV39: 0 | DW39: 0 | DX39: 0 | DY39: 0 | DZ39: 0 | EA39: 0 | EB39: 0 | EC39: 0 | ED39: 0 | EE39: 0 | EF39: 0 | EG39: 0 | EH39: 0 | EI39: 0 | EJ39: =CI39/BU39 -> 1 | EK39: =CJ39/BU39 -> 0 | EL39: =CK39/BU39 -> 0 | EM39: =CL39/BU39 -> 0 | EN39: =CM39/BU39 -> 0 | EO39: =CN39/BU39 -> 0 | EP39: =CO39/BV39 -> 1 | EQ39: =CP39/BV39 -> 0 | ER39: =CQ39/BV39 -> 0 | ES39: =CR39/BV39 -> 0 | ET39: =CS39/BV39 -> 0 | EU39: =CT39/BW39 -> 1 | EV39: =CU39/BW39 -> 0 | EW39: =CV39/BW39 -> 0 | EX39: =CW39/BW39 -> 0 | EY39: =CX39/BX39 -> 1 | EZ39: =CY39/BX39 -> 0 | FA39: =CZ39/BX39 -> 0 | FB39: =DA39/BX39 -> 0 | FC39: =DB39/BX39 -> 0 | FD39: =DC39/BY39 -> 1 | FE39: =DD39/BY39 -> 0 | FF39: =DE39/BY39 -> 0 | FG39: =DF39/BY39 -> 0 | FH39: =DG39/BZ39 -> 1 | FI39: =DH39/BZ39 -> 0 | FJ39: =DI39/BZ39 -> 0 | FK39: =DJ39/BZ39 -> 0 | FL39: =DK39/BZ39 -> 0 | FM39: 0 | FN39: 0 | FO39: 0 | FP39: 0 | FQ39: 0 | FR39: 0 | FS39: 0 | FT39: 0 | FU39: 0 | FV39: 0 | FW39: 0 | FX39: 0 | FY39: 0 | FZ39: 0 | GA39: 0 | GB39: 0 | GC39: 0 | GD39: 0 | GE39: 0
A40: Calderdale | B40: 71875.66 | C40: =B40-D40 -> 27479.111 | D40: 44396.549 | E40: 4411.98 | F40: 6467.56 | G40: 5728.1079 | H40: 2571.3172 | I40: 5219.85 | J40: 2129.9163 | K40: 206.5 | L40: 743.88 | M40: 0 | N40: 0 | O40: =EE40*E40 -> 0 | P40: =EF40*E40 -> 0 | Q40: =EG40*E40 -> 4411.98 | R40: =EH40*E40 -> 0 | S40: =EI40*E40 -> 0 | T40: =EJ40*F40 -> 0 | U40: =EK40*F40 -> 6467.56 | V40: =EL40*F40 -> 0 | W40: =EM40*F40 -> 0 | X40: =EN40*F40 -> 0 | Y40: =EO40*F40 -> 0 | Z40: =EP40*G40 -> 5728.1079 | AA40: =EQ40*G40 -> 0 | AB40: =ER40*G40 -> 0 | AC40: =ES40*G40 -> 0 | AD40: =ET40*G40 -> 0 | AE40: =EU40*H40 -> 2571.3172 | AF40: =EV40*H40 -> 0 | AG40: =EW40*H40 -> 0 | AH40: =EX40*H40 -> 0 | AI40: =EY40*I40 -> 5219.85 | AJ40: =EZ40*I40 -> 0 | AK40: =FA40*I40 -> 0 | AL40: =FB40*I40 -> 0 | AM40: =FC40*I40 -> 0 | AN40: =FD40*J40 -> 2129.9163 | AO40: =FE40*J40 -> 0 | AP40: =FF40*J40 -> 0 | AQ40: =FG40*J40 -> 0 | AR40: =FH40*K40 -> 206.5 | AS40: =FI40*K40 -> 0 | AT40: =FJ40*K40 -> 0 | AU40: =FK40*K40 -> 0 | AV40: =FL40*K40 -> 0 | AW40: =FM40*L40 -> 743.88 | AX40: =FN40*L40 -> 0 | AY40: =FO40*L40 -> 0 | AZ40: =FP40*L40 -> 0 | BA40: =FQ40*L40 -> 0 | BB40: =FR40*L40 -> 0 | BC40: =FS40*M40 -> 0 | BD40: =FT40*M40 -> 0 | BE40: =FU40*M40 -> 0 | BF40: =FV40*M40 -> 0 | BG40: =FW40*M40 -> 0 | BH40: =FX40*M40 -> 0 | BI40: =FY40*M40 -> 0 | BJ40: =FZ40*M40 -> 0 | BK40: =GA40*N40 -> 0 | BL40: =GB40*N40 -> 0 | BM40: =GC40*N40 -> 0 | BN40: =GD40*N40 -> 0 | BO40: =GE40*N40 -> 0 | BP40: Calderdale | BQ40: 184579.71 | BR40: =BZ40+CX40+EC40+FA40+FU40+GS40+HM40+IK40+JM40+KW40 -> 5755.83 | BS40: 136607.46 | BT40: 4411.98 | BU40: 6467.56 | BV40: 6111.82 | BW40: 2915.7 | BX40: 5302.28 | BY40: 11541.45 | BZ40: 453.55 | CA40: 3565.1 | CB40: 4864.72 | CC40: 2338.09 | CD40: 0 | CE40: 0 | CF40: 4411.98 | CG40: 0 | CH40: 0 | CI40: 0 | CJ40: 6467.56 | CK40: 0 | CL40: 0 | CM40: 0 | CN40: 0 | CO40: 6111.82 | CP40: 0 | CQ40: 0 | CR40: 0 | CS40: 0 | CT40: 2915.7 | CU40: 0 | CV40: 0 | CW40: 0 | CX40: 5302.28 | CY40: 0 | CZ40: 0 | DA40: 0 | DB40: 0 | DC40: 11541.45 | DD40: 0 | DE40: 0 | DF40: 0 | DG40: 453.55 | DH40: 0 | DI40: 0 | DJ40: 0 | DK40: 0 | DL40: 3565.1 | DM40: 0 | DN40: 0 | DO40: 0 | DP40: 0 | DQ40: 0 | DR40: 4546.49 | DS40: 0 | DT40: 0 | DU40: 0 | DV40: 0 | DW40: 318.23 | DX40: 0 | DY40: 0 | DZ40: 2285.7 | EA40: 52.39 | EB40: 0 | EC40: 0 | ED40: 0 | EE40: =CD40/BT40 -> 0 | EF40: =CE40/BT40 -> 0 | EG40: =CF40/BT40 -> 1 | EH40: =CG40/BT40 -> 0 | EI40: =CH40/BT40 -> 0 | EJ40: =CI40/BU40 -> 0 | EK40: =CJ40/BU40 -> 1 | EL40: =CK40/BU40 -> 0 | EM40: =CL40/BU40 -> 0 | EN40: =CM40/BU40 -> 0 | EO40: =CN40/BU40 -> 0 | EP40: =CO40/BV40 -> 1 | EQ40: =CP40/BV40 -> 0 | ER40: =CQ40/BV40 -> 0 | ES40: =CR40/BV40 -> 0 | ET40: =CS40/BV40 -> 0 | EU40: =CT40/BW40 -> 1 | EV40: =CU40/BW40 -> 0 | EW40: =CV40/BW40 -> 0 | EX40: =CW40/BW40 -> 0 | EY40: =CX40/BX40 -> 1 | EZ40: =CY40/BX40 -> 0 | FA40: =CZ40/BX40 -> 0 | FB40: =DA40/BX40 -> 0 | FC40: =DB40/BX40 -> 0 | FD40: =DC40/BY40 -> 1 | FE40: =DD40/BY40 -> 0 | FF40: =DE40/BY40 -> 0 | FG40: =DF40/BY40 -> 0 | FH40: =DG40/BZ40 -> 1 | FI40: =DH40/BZ40 -> 0 | FJ40: =DI40/BZ40 -> 0 | FK40: =DJ40/BZ40 -> 0 | FL40: =DK40/BZ40 -> 0 | FM40: =DL40/CA40 -> 1 | FN40: =DM40/CA40 -> 0 | FO40: =DN40/CA40 -> 0 | FP40: =DO40/CA40 -> 0 | FQ40: =DP40/CA40 -> 0 | FR40: =DQ40/CA40 -> 0 | FS40: =DR40/CB40 -> 0.93458411 | FT40: =DS40/CB40 -> 0 | FU40: =DT40/CB40 -> 0 | FV40: =DU40/CB40 -> 0 | FW40: =DV40/CB40 -> 0 | FX40: =DW40/CB40 -> 0.065415892 | FY40: =DX40/CB40 -> 0 | FZ40: =DY40/CB40 -> 0 | GA40: =DZ40/CC40 -> 0.97759282 | GB40: =EA40/CC40 -> 0.022407179 | GC40: =EB40/CC40 -> 0 | GD40: =EC40/CC40 -> 0 | GE40: =ED40/CC40 -> 0
A41: Cambridge | B41: 77259.137 | C41: =B41-D41 -> 64721.289 | D41: 12537.848 | E41: 1279.16 | F41: 25995.46 | G41: 16699.729 | H41: 2701.2707 | I41: 11544.937 | J41: 1410.256 | K41: 363.1 | L41: 92.848088 | M41: 0 | N41: 4634.5278 | O41: =EE41*E41 -> 1279.16 | P41: =EF41*E41 -> 0 | Q41: =EG41*E41 -> 0 | R41: =EH41*E41 -> 0 | S41: =EI41*E41 -> 0 | T41: =EJ41*F41 -> 0 | U41: =EK41*F41 -> 25995.46 | V41: =EL41*F41 -> 0 | W41: =EM41*F41 -> 0 | X41: =EN41*F41 -> 0 | Y41: =EO41*F41 -> 0 | Z41: =EP41*G41 -> 16699.729 | AA41: =EQ41*G41 -> 0 | AB41: =ER41*G41 -> 0 | AC41: =ES41*G41 -> 0 | AD41: =ET41*G41 -> 0 | AE41: =EU41*H41 -> 2701.2707 | AF41: =EV41*H41 -> 0 | AG41: =EW41*H41 -> 0 | AH41: =EX41*H41 -> 0 | AI41: =EY41*I41 -> 11544.937 | AJ41: =EZ41*I41 -> 0 | AK41: =FA41*I41 -> 0 | AL41: =FB41*I41 -> 0 | AM41: =FC41*I41 -> 0 | AN41: =FD41*J41 -> 1410.256 | AO41: =FE41*J41 -> 0 | AP41: =FF41*J41 -> 0 | AQ41: =FG41*J41 -> 0 | AR41: =FH41*K41 -> 363.1 | AS41: =FI41*K41 -> 0 | AT41: =FJ41*K41 -> 0 | AU41: =FK41*K41 -> 0 | AV41: =FL41*K41 -> 0 | AW41: =FM41*L41 -> 92.848088 | AX41: =FN41*L41 -> 0 | AY41: =FO41*L41 -> 0 | AZ41: =FP41*L41 -> 0 | BA41: =FQ41*L41 -> 0 | BB41: =FR41*L41 -> 0 | BC41: =FS41*M41 -> 0 | BD41: =FT41*M41 -> 0 | BE41: =FU41*M41 -> 0 | BF41: =FV41*M41 -> 0 | BG41: =FW41*M41 -> 0 | BH41: =FX41*M41 -> 0 | BI41: =FY41*M41 -> 0 | BJ41: =FZ41*M41 -> 0 | BK41: =GA41*N41 -> 0 | BL41: =GB41*N41 -> 0 | BM41: =GC41*N41 -> 0 | BN41: =GD41*N41 -> 0 | BO41: =GE41*N41 -> 0 | BP41: Cambridge | BQ41: 88724.97 | BR41: =BZ41+CX41+EC41+FA41+FU41+GS41+HM41+IK41+JM41+KW41 -> 9477.904 | BS41: 33692.122 | BT41: 1279.16 | BU41: 25995.46 | BV41: 13171.259 | BW41: 3612.399 | BX41: 9110.829 | BY41: 1398.559 | BZ41: 367.075 | CA41: 78.547 | CB41: 19.56 | CC41: 0 | CD41: 1279.16 | CE41: 0 | CF41: 0 | CG41: 0 | CH41: 0 | CI41: 0 | CJ41: 25995.46 | CK41: 0 | CL41: 0 | CM41: 0 | CN41: 0 | CO41: 13171.259 | CP41: 0 | CQ41: 0 | CR41: 0 | CS41: 0 | CT41: 3612.399 | CU41: 0 | CV41: 0 | CW41: 0 | CX41: 9110.829 | CY41: 0 | CZ41: 0 | DA41: 0 | DB41: 0 | DC41: 1398.559 | DD41: 0 | DE41: 0 | DF41: 0 | DG41: 367.075 | DH41: 0 | DI41: 0 | DJ41: 0 | DK41: 0 | DL41: 78.547 | DM41: 0 | DN41: 0 | DO41: 0 | DP41: 0 | DQ41: 0 | DR41: 19.56 | DS41: 0 | DT41: 0 | DU41: 0 | DV41: 0 | DW41: 0 | DX41: 0 | DY41: 0 | DZ41: 0 | EA41: 0 | EB41: 0 | EC41: 0 | ED41: 0 | EE41: =CD41/BT41 -> 1 | EF41: =CE41/BT41 -> 0 | EG41: =CF41/BT41 -> 0 | EH41: =CG41/BT41 -> 0 | EI41: =CH41/BT41 -> 0 | EJ41: =CI41/BU41 -> 0 | EK41: =CJ41/BU41 -> 1 | EL41: =CK41/BU41 -> 0 | EM41: =CL41/BU41 -> 0 | EN41: =CM41/BU41 -> 0 | EO41: =CN41/BU41 -> 0 | EP41: =CO41/BV41 -> 1 | EQ41: =CP41/BV41 -> 0 | ER41: =CQ41/BV41 -> 0 | ES41: =CR41/BV41 -> 0 | ET41: =CS41/BV41 -> 0 | EU41: =CT41/BW41 -> 1 | EV41: =CU41/BW41 -> 0 | EW41: =CV41/BW41 -> 0 | EX41: =CW41/BW41 -> 0 | EY41: =CX41/BX41 -> 1 | EZ41: =CY41/BX41 -> 0 | FA41: =CZ41/BX41 -> 0 | FB41: =DA41/BX41 -> 0 | FC41: =DB41/BX41 -> 0 | FD41: =DC41/BY41 -> 1 | FE41: =DD41/BY41 -> 0 | FF41: =DE41/BY41 -> 0 | FG41: =DF41/BY41 -> 0 | FH41: =DG41/BZ41 -> 1 | FI41: =DH41/BZ41 -> 0 | FJ41: =DI41/BZ41 -> 0 | FK41: =DJ41/BZ41 -> 0 | FL41: =DK41/BZ41 -> 0 | FM41: =DL41/CA41 -> 1 | FN41: =DM41/CA41 -> 0 | FO41: =DN41/CA41 -> 0 | FP41: =DO41/CA41 -> 0 | FQ41: =DP41/CA41 -> 0 | FR41: =DQ41/CA41 -> 0 | FS41: =DR41/CB41 -> 1 | FT41: =DS41/CB41 -> 0 | FU41: =DT41/CB41 -> 0 | FV41: =DU41/CB41 -> 0 | FW41: =DV41/CB41 -> 0 | FX41: =DW41/CB41 -> 0 | FY41: =DX41/CB41 -> 0 | FZ41: =DY41/CB41 -> 0 | GA41: 0 | GB41: 0 | GC41: 0 | GD41: 0 | GE41: 0
A42: Camden | B42: 45178.56 | C42: =B42-D42 -> 23906.761 | D42: 21271.799 | E42: 2872.47 | F42: 2389.11 | G42: 11059.607 | H42: 1664.2047 | I42: 4201.2652 | J42: 788.24159 | K42: 580.7 | L42: 284.95 | M42: 0 | N42: 66.212625 | O42: =EE42*E42 -> 0 | P42: =EF42*E42 -> 0 | Q42: =EG42*E42 -> 2872.47 | R42: =EH42*E42 -> 0 | S42: =EI42*E42 -> 0 | T42: =EJ42*F42 -> 167.1993 | U42: =EK42*F42 -> 2221.9107 | V42: =EL42*F42 -> 0 | W42: =EM42*F42 -> 0 | X42: =EN42*F42 -> 0 | Y42: =EO42*F42 -> 0 | Z42: =EP42*G42 -> 10996.593 | AA42: =EQ42*G42 -> 63.014657 | AB42: =ER42*G42 -> 0 | AC42: =ES42*G42 -> 0 | AD42: =ET42*G42 -> 0 | AE42: =EU42*H42 -> 1664.2047 | AF42: =EV42*H42 -> 0 | AG42: =EW42*H42 -> 0 | AH42: =EX42*H42 -> 0 | AI42: =EY42*I42 -> 4201.2652 | AJ42: =EZ42*I42 -> 0 | AK42: =FA42*I42 -> 0 | AL42: =FB42*I42 -> 0 | AM42: =FC42*I42 -> 0 | AN42: =FD42*J42 -> 780.04931 | AO42: =FE42*J42 -> 8.1922852 | AP42: =FF42*J42 -> 0 | AQ42: =FG42*J42 -> 0 | AR42: =FH42*K42 -> 253.5361 | AS42: =FI42*K42 -> 327.1639 | AT42: =FJ42*K42 -> 0 | AU42: =FK42*K42 -> 0 | AV42: =FL42*K42 -> 0 | AW42: =FM42*L42 -> 284.95 | AX42: =FN42*L42 -> 0 | AY42: =FO42*L42 -> 0 | AZ42: =FP42*L42 -> 0 | BA42: =FQ42*L42 -> 0 | BB42: =FR42*L42 -> 0 | BC42: =FS42*M42 -> 0 | BD42: =FT42*M42 -> 0 | BE42: =FU42*M42 -> 0 | BF42: =FV42*M42 -> 0 | BG42: =FW42*M42 -> 0 | BH42: =FX42*M42 -> 0 | BI42: =FY42*M42 -> 0 | BJ42: =FZ42*M42 -> 0 | BK42: =GA42*N42 -> 61.305898 | BL42: =GB42*N42 -> 4.9067278 | BM42: =GC42*N42 -> 0 | BN42: =GD42*N42 -> 0 | BO42: =GE42*N42 -> 0 | BP42: Camden | BQ42: 65928.25 | BR42: =BZ42+CX42+EC42+FA42+FU42+GS42+HM42+IK42+JM42+KW42 -> 5875.65 | BS42: 22648.28 | BT42: 2872.47 | BU42: 2389.12 | BV42: 25741.83 | BW42: 2878.93 | BX42: 5274.19 | BY42: 800.53 | BZ42: 601.46 | CA42: 568.4 | CB42: 2129.56 | CC42: 23.48 | CD42: 0 | CE42: 0 | CF42: 2872.47 | CG42: 0 | CH42: 0 | CI42: 167.2 | CJ42: 2221.92 | CK42: 0 | CL42: 0 | CM42: 0 | CN42: 0 | CO42: 25595.16 | CP42: 146.67 | CQ42: 0 | CR42: 0 | CS42: 0 | CT42: 2878.93 | CU42: 0 | CV42: 0 | CW42: 0 | CX42: 5274.19 | CY42: 0 | CZ42: 0 | DA42: 0 | DB42: 0 | DC42: 792.21 | DD42: 8.32 | DE42: 0 | DF42: 0 | DG42: 262.6 | DH42: 338.86 | DI42: 0 | DJ42: 0 | DK42: 0 | DL42: 568.4 | DM42: 0 | DN42: 0 | DO42: 0 | DP42: 0 | DQ42: 0 | DR42: 1244.46 | DS42: 0 | DT42: 0 | DU42: 0 | DV42: 0 | DW42: 885.1 | DX42: 0 | DY42: 0 | DZ42: 21.74 | EA42: 1.74 | EB42: 0 | EC42: 0 | ED42: 0 | EE42: =CD42/BT42 -> 0 | EF42: =CE42/BT42 -> 0 | EG42: =CF42/BT42 -> 1 | EH42: =CG42/BT42 -> 0 | EI42: =CH42/BT42 -> 0 | EJ42: =CI42/BU42 -> 0.069983927 | EK42: =CJ42/BU42 -> 0.93001607 | EL42: =CK42/BU42 -> 0 | EM42: =CL42/BU42 -> 0 | EN42: =CM42/BU42 -> 0 | EO42: =CN42/BU42 -> 0 | EP42: =CO42/BV42 -> 0.99430227 | EQ42: =CP42/BV42 -> 0.0056977301 | ER42: =CQ42/BV42 -> 0 | ES42: =CR42/BV42 -> 0 | ET42: =CS42/BV42 -> 0 | EU42: =CT42/BW42 -> 1 | EV42: =CU42/BW42 -> 0 | EW42: =CV42/BW42 -> 0 | EX42: =CW42/BW42 -> 0 | EY42: =CX42/BX42 -> 1 | EZ42: =CY42/BX42 -> 0 | FA42: =CZ42/BX42 -> 0 | FB42: =DA42/BX42 -> 0 | FC42: =DB42/BX42 -> 0 | FD42: =DC42/BY42 -> 0.98960689 | FE42: =DD42/BY42 -> 0.010393115 | FF42: =DE42/BY42 -> 0 | FG42: =DF42/BY42 -> 0 | FH42: =DG42/BZ42 -> 0.43660426 | FI42: =DH42/BZ42 -> 0.56339574 | FJ42: =DI42/BZ42 -> 0 | FK42: =DJ42/BZ42 -> 0 | FL42: =DK42/BZ42 -> 0 | FM42: =DL42/CA42 -> 1 | FN42: =DM42/CA42 -> 0 | FO42: =DN42/CA42 -> 0 | FP42: =DO42/CA42 -> 0 | FQ42: =DP42/CA42 -> 0 | FR42: =DQ42/CA42 -> 0 | FS42: =DR42/CB42 -> 0.58437424 | FT42: =DS42/CB42 -> 0 | FU42: =DT42/CB42 -> 0 | FV42: =DU42/CB42 -> 0 | FW42: =DV42/CB42 -> 0 | FX42: =DW42/CB42 -> 0.41562576 | FY42: =DX42/CB42 -> 0 | FZ42: =DY42/CB42 -> 0 | GA42: =DZ42/CC42 -> 0.92589438 | GB42: =EA42/CC42 -> 0.074105622 | GC42: =EB42/CC42 -> 0 | GD42: =EC42/CC42 -> 0 | GE42: =ED42/CC42 -> 0
A43: Cannock Chase | B43: 31075.02 | C43: =B43-D43 -> 17669.65 | D43: 13405.37 | E43: 0 | F43: 6732.8 | G43: 4962.706 | H43: 996.93401 | I43: 4245.4691 | J43: 595.6205 | K43: 134.68 | L43: 1.44 | M43: 0 | N43: 0 | O43: =EE43*E43 -> 0 | P43: =EF43*E43 -> 0 | Q43: =EG43*E43 -> 0 | R43: =EH43*E43 -> 0 | S43: =EI43*E43 -> 0 | T43: =EJ43*F43 -> 0 | U43: =EK43*F43 -> 6732.8 | V43: =EL43*F43 -> 0 | W43: =EM43*F43 -> 0 | X43: =EN43*F43 -> 0 | Y43: =EO43*F43 -> 0 | Z43: =EP43*G43 -> 4962.706 | AA43: =EQ43*G43 -> 0 | AB43: =ER43*G43 -> 0 | AC43: =ES43*G43 -> 0 | AD43: =ET43*G43 -> 0 | AE43: =EU43*H43 -> 996.93401 | AF43: =EV43*H43 -> 0 | AG43: =EW43*H43 -> 0 | AH43: =EX43*H43 -> 0 | AI43: =EY43*I43 -> 4245.4691 | AJ43: =EZ43*I43 -> 0 | AK43: =FA43*I43 -> 0 | AL43: =FB43*I43 -> 0 | AM43: =FC43*I43 -> 0 | AN43: =FD43*J43 -> 595.6205 | AO43: =FE43*J43 -> 0 | AP43: =FF43*J43 -> 0 | AQ43: =FG43*J43 -> 0 | AR43: =FH43*K43 -> 0 | AS43: =FI43*K43 -> 134.68 | AT43: =FJ43*K43 -> 0 | AU43: =FK43*K43 -> 0 | AV43: =FL43*K43 -> 0 | AW43: =FM43*L43 -> 1.44 | AX43: =FN43*L43 -> 0 | AY43: =FO43*L43 -> 0 | AZ43: =FP43*L43 -> 0 | BA43: =FQ43*L43 -> 0 | BB43: =FR43*L43 -> 0 | BC43: =FS43*M43 -> 0 | BD43: =FT43*M43 -> 0 | BE43: =FU43*M43 -> 0 | BF43: =FV43*M43 -> 0 | BG43: =FW43*M43 -> 0 | BH43: =FX43*M43 -> 0 | BI43: =FY43*M43 -> 0 | BJ43: =FZ43*M43 -> 0 | BK43: =GA43*N43 -> 0 | BL43: =GB43*N43 -> 0 | BM43: =GC43*N43 -> 0 | BN43: =GD43*N43 -> 0 | BO43: =GE43*N43 -> 0 | BP43: Cannock Chase | BQ43: 26515.53 | BR43: =BZ43+CX43+EC43+FA43+FU43+GS43+HM43+IK43+JM43+KW43 -> 3460.42 | BS43: 11183.8 | BT43: 0 | BU43: 6732.8 | BV43: 3116.3 | BW43: 1380.07 | BX43: 3324.12 | BY43: 415.65 | BZ43: 136.3 | CA43: 1.44 | CB43: 0 | CC43: 225.05 | CD43: 0 | CE43: 0 | CF43: 0 | CG43: 0 | CH43: 0 | CI43: 0 | CJ43: 6732.8 | CK43: 0 | CL43: 0 | CM43: 0 | CN43: 0 | CO43: 3116.3 | CP43: 0 | CQ43: 0 | CR43: 0 | CS43: 0 | CT43: 1380.07 | CU43: 0 | CV43: 0 | CW43: 0 | CX43: 3324.12 | CY43: 0 | CZ43: 0 | DA43: 0 | DB43: 0 | DC43: 415.65 | DD43: 0 | DE43: 0 | DF43: 0 | DG43: 0 | DH43: 136.3 | DI43: 0 | DJ43: 0 | DK43: 0 | DL43: 1.44 | DM43: 0 | DN43: 0 | DO43: 0 | DP43: 0 | DQ43: 0 | DR43: 0 | DS43: 0 | DT43: 0 | DU43: 0 | DV43: 0 | DW43: 0 | DX43: 0 | DY43: 0 | DZ43: 225.05 | EA43: 0 | EB43: 0 | EC43: 0 | ED43: 0 | EE43: 0 | EF43: 0 | EG43: 0 | EH43: 0 | EI43: 0 | EJ43: =CI43/BU43 -> 0 | EK43: =CJ43/BU43 -> 1 | EL43: =CK43/BU43 -> 0 | EM43: =CL43/BU43 -> 0 | EN43: =CM43/BU43 -> 0 | EO43: =CN43/BU43 -> 0 | EP43: =CO43/BV43 -> 1 | EQ43: =CP43/BV43 -> 0 | ER43: =CQ43/BV43 -> 0 | ES43: =CR43/BV43 -> 0 | ET43: =CS43/BV43 -> 0 | EU43: =CT43/BW43 -> 1 | EV43: =CU43/BW43 -> 0 | EW43: =CV43/BW43 -> 0 | EX43: =CW43/BW43 -> 0 | EY43: =CX43/BX43 -> 1 | EZ43: =CY43/BX43 -> 0 | FA43: =CZ43/BX43 -> 0 | FB43: =DA43/BX43 -> 0 | FC43: =DB43/BX43 -> 0 | FD43: =DC43/BY43 -> 1 | FE43: =DD43/BY43 -> 0 | FF43: =DE43/BY43 -> 0 | FG43: =DF43/BY43 -> 0 | FH43: =DG43/BZ43 -> 0 | FI43: =DH43/BZ43 -> 1 | FJ43: =DI43/BZ43 -> 0 | FK43: =DJ43/BZ43 -> 0 | FL43: =DK43/BZ43 -> 0 | FM43: =DL43/CA43 -> 1 | FN43: =DM43/CA43 -> 0 | FO43: =DN43/CA43 -> 0 | FP43: =DO43/CA43 -> 0 | FQ43: =DP43/CA43 -> 0 | FR43: =DQ43/CA43 -> 0 | FS43: 0 | FT43: 0 | FU43: 0 | FV43: 0 | FW43: 0 | FX43: 0 | FY43: 0 | FZ43: 0 | GA43: =DZ43/CC43 -> 1 | GB43: =EA43/CC43 -> 0 | GC43: =EB43/CC43 -> 0 | GD43: =EC43/CC43 -> 0 | GE43: =ED43/CC43 -> 0
A44: Canterbury | B44: 41513.12 | C44: =B44-D44 -> 23307.168 | D44: 18205.952 | E44: 2341.84 | F44: 7290.62 | G44: 3820.78 | H44: 2136.4258 | I44: 6409.2775 | J44: 1307.4848 | K44: 0.74 | L44: 0 | M44: 0 | N44: 0 | O44: =EE44*E44 -> 2341.84 | P44: =EF44*E44 -> 0 | Q44: =EG44*E44 -> 0 | R44: =EH44*E44 -> 0 | S44: =EI44*E44 -> 0 | T44: =EJ44*F44 -> 0 | U44: =EK44*F44 -> 7290.62 | V44: =EL44*F44 -> 0 | W44: =EM44*F44 -> 0 | X44: =EN44*F44 -> 0 | Y44: =EO44*F44 -> 0 | Z44: =EP44*G44 -> 3820.78 | AA44: =EQ44*G44 -> 0 | AB44: =ER44*G44 -> 0 | AC44: =ES44*G44 -> 0 | AD44: =ET44*G44 -> 0 | AE44: =EU44*H44 -> 2136.4258 | AF44: =EV44*H44 -> 0 | AG44: =EW44*H44 -> 0 | AH44: =EX44*H44 -> 0 | AI44: =EY44*I44 -> 6409.2775 | AJ44: =EZ44*I44 -> 0 | AK44: =FA44*I44 -> 0 | AL44: =FB44*I44 -> 0 | AM44: =FC44*I44 -> 0 | AN44: =FD44*J44 -> 1307.4848 | AO44: =FE44*J44 -> 0 | AP44: =FF44*J44 -> 0 | AQ44: =FG44*J44 -> 0 | AR44: =FH44*K44 -> 0.74 | AS44: =FI44*K44 -> 0 | AT44: =FJ44*K44 -> 0 | AU44: =FK44*K44 -> 0 | AV44: =FL44*K44 -> 0 | AW44: =FM44*L44 -> 0 | AX44: =FN44*L44 -> 0 | AY44: =FO44*L44 -> 0 | AZ44: =FP44*L44 -> 0 | BA44: =FQ44*L44 -> 0 | BB44: =FR44*L44 -> 0 | BC44: =FS44*M44 -> 0 | BD44: =FT44*M44 -> 0 | BE44: =FU44*M44 -> 0 | BF44: =FV44*M44 -> 0 | BG44: =FW44*M44 -> 0 | BH44: =FX44*M44 -> 0 | BI44: =FY44*M44 -> 0 | BJ44: =FZ44*M44 -> 0 | BK44: =GA44*N44 -> 0 | BL44: =GB44*N44 -> 0 | BM44: =GC44*N44 -> 0 | BN44: =GD44*N44 -> 0 | BO44: =GE44*N44 -> 0 | BP44: Canterbury | BQ44: 47130.99 | BR44: =BZ44+CX44+EC44+FA44+FU44+GS44+HM44+IK44+JM44+KW44 -> 7603.79 | BS44: 10182.13 | BT44: 2341.84 | BU44: 7290.62 | BV44: 3820.78 | BW44: 7603.05 | BX44: 7603.05 | BY44: 7603.05 | BZ44: 0.74 | CA44: 0 | CB44: 0 | CC44: 685.73 | CD44: 2341.84 | CE44: 0 | CF44: 0 | CG44: 0 | CH44: 0 | CI44: 0 | CJ44: 7290.62 | CK44: 0 | CL44: 0 | CM44: 0 | CN44: 0 | CO44: 3820.78 | CP44: 0 | CQ44: 0 | CR44: 0 | CS44: 0 | CT44: 7603.05 | CU44: 0 | CV44: 0 | CW44: 0 | CX44: 7603.05 | CY44: 0 | CZ44: 0 | DA44: 0 | DB44: 0 | DC44: 7603.05 | DD44: 0 | DE44: 0 | DF44: 0 | DG44: 0.74 | DH44: 0 | DI44: 0 | DJ44: 0 | DK44: 0 | DL44: 0 | DM44: 0 | DN44: 0 | DO44: 0 | DP44: 0 | DQ44: 0 | DR44: 0 | DS44: 0 | DT44: 0 | DU44: 0 | DV44: 0 | DW44: 0 | DX44: 0 | DY44: 0 | DZ44: 685.73 | EA44: 0 | EB44: 0 | EC44: 0 | ED44: 0 | EE44: =CD44/BT44 -> 1 | EF44: =CE44/BT44 -> 0 | EG44: =CF44/BT44 -> 0 | EH44: =CG44/BT44 -> 0 | EI44: =CH44/BT44 -> 0 | EJ44: =CI44/BU44 -> 0 | EK44: =CJ44/BU44 -> 1 | EL44: =CK44/BU44 -> 0 | EM44: =CL44/BU44 -> 0 | EN44: =CM44/BU44 -> 0 | EO44: =CN44/BU44 -> 0 | EP44: =CO44/BV44 -> 1 | EQ44: =CP44/BV44 -> 0 | ER44: =CQ44/BV44 -> 0 | ES44: =CR44/BV44 -> 0 | ET44: =CS44/BV44 -> 0 | EU44: =CT44/BW44 -> 1 | EV44: =CU44/BW44 -> 0 | EW44: =CV44/BW44 -> 0 | EX44: =CW44/BW44 -> 0 | EY44: =CX44/BX44 -> 1 | EZ44: =CY44/BX44 -> 0 | FA44: =CZ44/BX44 -> 0 | FB44: =DA44/BX44 -> 0 | FC44: =DB44/BX44 -> 0 | FD44: =DC44/BY44 -> 1 | FE44: =DD44/BY44 -> 0 | FF44: =DE44/BY44 -> 0 | FG44: =DF44/BY44 -> 0 | FH44: =DG44/BZ44 -> 1 | FI44: =DH44/BZ44 -> 0 | FJ44: =DI44/BZ44 -> 0 | FK44: =DJ44/BZ44 -> 0 | FL44: =DK44/BZ44 -> 0 | FM44: 0 | FN44: 0 | FO44: 0 | FP44: 0 | FQ44: 0 | FR44: 0 | FS44: 0 | FT44: 0 | FU44: 0 | FV44: 0 | FW44: 0 | FX44: 0 | FY44: 0 | FZ44: 0 | GA44: =DZ44/CC44 -> 1 | GB44: =EA44/CC44 -> 0 | GC44: =EB44/CC44 -> 0 | GD44: =EC44/CC44 -> 0 | GE44: =ED44/CC44 -> 0
A45: Castle Point | B45: 26791.59 | C45: =B45-D45 -> 19161.931 | D45: 7629.6593 | E45: 2851.8 | F45: 5071.46 | G45: 3897.928 | H45: 1366.537 | I45: 2315.8123 | J45: 568.86728 | K45: 76.5 | L45: 33.28 | M45: 0 | N45: 2979.7461 | O45: =EE45*E45 -> 0 | P45: =EF45*E45 -> 0 | Q45: =EG45*E45 -> 2851.8 | R45: =EH45*E45 -> 0 | S45: =EI45*E45 -> 0 | T45: =EJ45*F45 -> 0 | U45: =EK45*F45 -> 5071.46 | V45: =EL45*F45 -> 0 | W45: =EM45*F45 -> 0 | X45: =EN45*F45 -> 0 | Y45: =EO45*F45 -> 0 | Z45: =EP45*G45 -> 3897.928 | AA45: =EQ45*G45 -> 0 | AB45: =ER45*G45 -> 0 | AC45: =ES45*G45 -> 0 | AD45: =ET45*G45 -> 0 | AE45: =EU45*H45 -> 1366.537 | AF45: =EV45*H45 -> 0 | AG45: =EW45*H45 -> 0 | AH45: =EX45*H45 -> 0 | AI45: =EY45*I45 -> 2315.8123 | AJ45: =EZ45*I45 -> 0 | AK45: =FA45*I45 -> 0 | AL45: =FB45*I45 -> 0 | AM45: =FC45*I45 -> 0 | AN45: =FD45*J45 -> 568.86728 | AO45: =FE45*J45 -> 0 | AP45: =FF45*J45 -> 0 | AQ45: =FG45*J45 -> 0 | AR45: =FH45*K45 -> 69.39 | AS45: =FI45*K45 -> 7.11 | AT45: =FJ45*K45 -> 0 | AU45: =FK45*K45 -> 0 | AV45: =FL45*K45 -> 0 | AW45: =FM45*L45 -> 33.28 | AX45: =FN45*L45 -> 0 | AY45: =FO45*L45 -> 0 | AZ45: =FP45*L45 -> 0 | BA45: =FQ45*L45 -> 0 | BB45: =FR45*L45 -> 0 | BC45: =FS45*M45 -> 0 | BD45: =FT45*M45 -> 0 | BE45: =FU45*M45 -> 0 | BF45: =FV45*M45 -> 0 | BG45: =FW45*M45 -> 0 | BH45: =FX45*M45 -> 0 | BI45: =FY45*M45 -> 0 | BJ45: =FZ45*M45 -> 0 | BK45: =GA45*N45 -> 2979.7461 | BL45: =GB45*N45 -> 0 | BM45: =GC45*N45 -> 0 | BN45: =GD45*N45 -> 0 | BO45: =GE45*N45 -> 0 | BP45: Castle Point | BQ45: 30026.117 | BR45: =BZ45+CX45+EC45+FA45+FU45+GS45+HM45+IK45+JM45+KW45 -> 4571.268 | BS45: 8151.947 | BT45: 2851.8 | BU45: 5071.46 | BV45: 6192.069 | BW45: 2139.942 | BX45: 4494.768 | BY45: 804.587 | BZ45: 76.5 | CA45: 48.789 | CB45: 0 | CC45: 194.255 | CD45: 0 | CE45: 0 | CF45: 2851.8 | CG45: 0 | CH45: 0 | CI45: 0 | CJ45: 5071.46 | CK45: 0 | CL45: 0 | CM45: 0 | CN45: 0 | CO45: 6192.069 | CP45: 0 | CQ45: 0 | CR45: 0 | CS45: 0 | CT45: 2139.942 | CU45: 0 | CV45: 0 | CW45: 0 | CX45: 4494.768 | CY45: 0 | CZ45: 0 | DA45: 0 | DB45: 0 | DC45: 804.587 | DD45: 0 | DE45: 0 | DF45: 0 | DG45: 69.39 | DH45: 7.11 | DI45: 0 | DJ45: 0 | DK45: 0 | DL45: 48.789 | DM45: 0 | DN45: 0 | DO45: 0 | DP45: 0 | DQ45: 0 | DR45: 0 | DS45: 0 | DT45: 0 | DU45: 0 | DV45: 0 | DW45: 0 | DX45: 0 | DY45: 0 | DZ45: 194.255 | EA45: 0 | EB45: 0 | EC45: 0 | ED45: 0 | EE45: =CD45/BT45 -> 0 | EF45: =CE45/BT45 -> 0 | EG45: =CF45/BT45 -> 1 | EH45: =CG45/BT45 -> 0 | EI45: =CH45/BT45 -> 0 | EJ45: =CI45/BU45 -> 0 | EK45: =CJ45/BU45 -> 1 | EL45: =CK45/BU45 -> 0 | EM45: =CL45/BU45 -> 0 | EN45: =CM45/BU45 -> 0 | EO45: =CN45/BU45 -> 0 | EP45: =CO45/BV45 -> 1 | EQ45: =CP45/BV45 -> 0 | ER45: =CQ45/BV45 -> 0 | ES45: =CR45/BV45 -> 0 | ET45: =CS45/BV45 -> 0 | EU45: =CT45/BW45 -> 1 | EV45: =CU45/BW45 -> 0 | EW45: =CV45/BW45 -> 0 | EX45: =CW45/BW45 -> 0 | EY45: =CX45/BX45 -> 1 | EZ45: =CY45/BX45 -> 0 | FA45: =CZ45/BX45 -> 0 | FB45: =DA45/BX45 -> 0 | FC45: =DB45/BX45 -> 0 | FD45: =DC45/BY45 -> 1 | FE45: =DD45/BY45 -> 0 | FF45: =DE45/BY45 -> 0 | FG45: =DF45/BY45 -> 0 | FH45: =DG45/BZ45 -> 0.90705882 | FI45: =DH45/BZ45 -> 0.092941176 | FJ45: =DI45/BZ45 -> 0 | FK45: =DJ45/BZ45 -> 0 | FL45: =DK45/BZ45 -> 0 | FM45: =DL45/CA45 -> 1 | FN45: =DM45/CA45 -> 0 | FO45: =DN45/CA45 -> 0 | FP45: =DO45/CA45 -> 0 | FQ45: =DP45/CA45 -> 0 | FR45: =DQ45/CA45 -> 0 | FS45: 0 | FT45: 0 | FU45: 0 | FV45: 0 | FW45: 0 | FX45: 0 | FY45: 0 | FZ45: 0 | GA45: =DZ45/CC45 -> 1 | GB45: =EA45/CC45 -> 0 | GC45: =EB45/CC45 -> 0 | GD45: =EC45/CC45 -> 0 | GE45: =ED45/CC45 -> 0
A46: Central Bedfordshire | B46: 111151.82 | C46: =B46-D46 -> 58894.56 | D46: 52257.26 | E46: 9280.59 | F46: 19437.09 | G46: 14529.65 | H46: 3233.7614 | I46: 7243.2794 | J46: 3687.5994 | K46: 413.12 | L46: 1069.47 | M46: 0 | N46: 0 | O46: =EE46*E46 -> 0 | P46: =EF46*E46 -> 0 | Q46: =EG46*E46 -> 9280.59 | R46: =EH46*E46 -> 0 | S46: =EI46*E46 -> 0 | T46: =EJ46*F46 -> 0 | U46: =EK46*F46 -> 19437.09 | V46: =EL46*F46 -> 0 | W46: =EM46*F46 -> 0 | X46: =EN46*F46 -> 0 | Y46: =EO46*F46 -> 0 | Z46: =EP46*G46 -> 14529.65 | AA46: =EQ46*G46 -> 0 | AB46: =ER46*G46 -> 0 | AC46: =ES46*G46 -> 0 | AD46: =ET46*G46 -> 0 | AE46: =EU46*H46 -> 3142.1662 | AF46: =EV46*H46 -> 91.59522 | AG46: =EW46*H46 -> 0 | AH46: =EX46*H46 -> 0 | AI46: =EY46*I46 -> 7243.2794 | AJ46: =EZ46*I46 -> 0 | AK46: =FA46*I46 -> 0 | AL46: =FB46*I46 -> 0 | AM46: =FC46*I46 -> 0 | AN46: =FD46*J46 -> 3687.5994 | AO46: =FE46*J46 -> 0 | AP46: =FF46*J46 -> 0 | AQ46: =FG46*J46 -> 0 | AR46: =FH46*K46 -> 413.12 | AS46: =FI46*K46 -> 0 | AT46: =FJ46*K46 -> 0 | AU46: =FK46*K46 -> 0 | AV46: =FL46*K46 -> 0 | AW46: =FM46*L46 -> 1069.47 | AX46: =FN46*L46 -> 0 | AY46: =FO46*L46 -> 0 | AZ46: =FP46*L46 -> 0 | BA46: =FQ46*L46 -> 0 | BB46: =FR46*L46 -> 0 | BC46: =FS46*M46 -> 0 | BD46: =FT46*M46 -> 0 | BE46: =FU46*M46 -> 0 | BF46: =FV46*M46 -> 0 | BG46: =FW46*M46 -> 0 | BH46: =FX46*M46 -> 0 | BI46: =FY46*M46 -> 0 | BJ46: =FZ46*M46 -> 0 | BK46: =GA46*N46 -> 0 | BL46: =GB46*N46 -> 0 | BM46: =GC46*N46 -> 0 | BN46: =GD46*N46 -> 0 | BO46: =GE46*N46 -> 0 | BP46: Central Bedfordshire | BQ46: 242227.97 | BR46: =BZ46+CX46+EC46+FA46+FU46+GS46+HM46+IK46+JM46+KW46 -> 7928.62 | BS46: 174644.27 | BT46: 9280.59 | BU46: 19438.54 | BV46: 19347.61 | BW46: 5143.22 | BX46: 7001.98 | BY46: 3238.92 | BZ46: 926.64 | CA46: 1068.02 | CB46: 0 | CC46: 2138.18 | CD46: 0 | CE46: 0 | CF46: 9280.59 | CG46: 0 | CH46: 0 | CI46: 0 | CJ46: 19438.54 | CK46: 0 | CL46: 0 | CM46: 0 | CN46: 0 | CO46: 19347.61 | CP46: 0 | CQ46: 0 | CR46: 0 | CS46: 0 | CT46: 4997.54 | CU46: 145.68 | CV46: 0 | CW46: 0 | CX46: 7001.98 | CY46: 0 | CZ46: 0 | DA46: 0 | DB46: 0 | DC46: 3238.92 | DD46: 0 | DE46: 0 | DF46: 0 | DG46: 926.64 | DH46: 0 | DI46: 0 | DJ46: 0 | DK46: 0 | DL46: 1068.02 | DM46: 0 | DN46: 0 | DO46: 0 | DP46: 0 | DQ46: 0 | DR46: 0 | DS46: 0 | DT46: 0 | DU46: 0 | DV46: 0 | DW46: 0 | DX46: 0 | DY46: 0 | DZ46: 1992.5 | EA46: 145.68 | EB46: 0 | EC46: 0 | ED46: 0 | EE46: =CD46/BT46 -> 0 | EF46: =CE46/BT46 -> 0 | EG46: =CF46/BT46 -> 1 | EH46: =CG46/BT46 -> 0 | EI46: =CH46/BT46 -> 0 | EJ46: =CI46/BU46 -> 0 | EK46: =CJ46/BU46 -> 1 | EL46: =CK46/BU46 -> 0 | EM46: =CL46/BU46 -> 0 | EN46: =CM46/BU46 -> 0 | EO46: =CN46/BU46 -> 0 | EP46: =CO46/BV46 -> 1 | EQ46: =CP46/BV46 -> 0 | ER46: =CQ46/BV46 -> 0 | ES46: =CR46/BV46 -> 0 | ET46: =CS46/BV46 -> 0 | EU46: =CT46/BW46 -> 0.97167533 | EV46: =CU46/BW46 -> 0.028324668 | EW46: =CV46/BW46 -> 0 | EX46: =CW46/BW46 -> 0 | EY46: =CX46/BX46 -> 1 | EZ46: =CY46/BX46 -> 0 | FA46: =CZ46/BX46 -> 0 | FB46: =DA46/BX46 -> 0 | FC46: =DB46/BX46 -> 0 | FD46: =DC46/BY46 -> 1 | FE46: =DD46/BY46 -> 0 | FF46: =DE46/BY46 -> 0 | FG46: =DF46/BY46 -> 0 | FH46: =DG46/BZ46 -> 1 | FI46: =DH46/BZ46 -> 0 | FJ46: =DI46/BZ46 -> 0 | FK46: =DJ46/BZ46 -> 0 | FL46: =DK46/BZ46 -> 0 | FM46: =DL46/CA46 -> 1 | FN46: =DM46/CA46 -> 0 | FO46: =DN46/CA46 -> 0 | FP46: =DO46/CA46 -> 0 | FQ46: =DP46/CA46 -> 0 | FR46: =DQ46/CA46 -> 0 | FS46: 0 | FT46: 0 | FU46: 0 | FV46: 0 | FW46: 0 | FX46: 0 | FY46: 0 | FZ46: 0 | GA46: =DZ46/CC46 -> 0.93186729 | GB46: =EA46/CC46 -> 0.068132711 | GC46: =EB46/CC46 -> 0 | GD46: =EC46/CC46 -> 0 | GE46: =ED46/CC46 -> 0
A47: Charnwood | B47: 41742.64 | C47: =B47-D47 -> 29135.372 | D47: 12607.268 | E47: 0 | F47: 9845.24 | G47: 9320.5663 | H47: 2427.8706 | I47: 6269.3202 | J47: 1155.609 | K47: 46.835 | L47: 69.931 | M47: 0 | N47: 0 | O47: =EE47*E47 -> 0 | P47: =EF47*E47 -> 0 | Q47: =EG47*E47 -> 0 | R47: =EH47*E47 -> 0 | S47: =EI47*E47 -> 0 | T47: =EJ47*F47 -> 0 | U47: =EK47*F47 -> 9845.24 | V47: =EL47*F47 -> 0 | W47: =EM47*F47 -> 0 | X47: =EN47*F47 -> 0 | Y47: =EO47*F47 -> 0 | Z47: =EP47*G47 -> 9315.4949 | AA47: =EQ47*G47 -> 5.0713979 | AB47: =ER47*G47 -> 0 | AC47: =ES47*G47 -> 0 | AD47: =ET47*G47 -> 0 | AE47: =EU47*H47 -> 2427.8706 | AF47: =EV47*H47 -> 0 | AG47: =EW47*H47 -> 0 | AH47: =EX47*H47 -> 0 | AI47: =EY47*I47 -> 6269.3202 | AJ47: =EZ47*I47 -> 0 | AK47: =FA47*I47 -> 0 | AL47: =FB47*I47 -> 0 | AM47: =FC47*I47 -> 0 | AN47: =FD47*J47 -> 1155.609 | AO47: =FE47*J47 -> 0 | AP47: =FF47*J47 -> 0 | AQ47: =FG47*J47 -> 0 | AR47: =FH47*K47 -> 21.081595 | AS47: =FI47*K47 -> 25.753405 | AT47: =FJ47*K47 -> 0 | AU47: =FK47*K47 -> 0 | AV47: =FL47*K47 -> 0 | AW47: =FM47*L47 -> 69.931 | AX47: =FN47*L47 -> 0 | AY47: =FO47*L47 -> 0 | AZ47: =FP47*L47 -> 0 | BA47: =FQ47*L47 -> 0 | BB47: =FR47*L47 -> 0 | BC47: =FS47*M47 -> 0 | BD47: =FT47*M47 -> 0 | BE47: =FU47*M47 -> 0 | BF47: =FV47*M47 -> 0 | BG47: =FW47*M47 -> 0 | BH47: =FX47*M47 -> 0 | BI47: =FY47*M47 -> 0 | BJ47: =FZ47*M47 -> 0 | BK47: =GA47*N47 -> 0 | BL47: =GB47*N47 -> 0 | BM47: =GC47*N47 -> 0 | BN47: =GD47*N47 -> 0 | BO47: =GE47*N47 -> 0 | BP47: Charnwood | BQ47: 48716.352 | BR47: =BZ47+CX47+EC47+FA47+FU47+GS47+HM47+IK47+JM47+KW47 -> 5033.628 | BS47: 23476.528 | BT47: 0 | BU47: 9845.24 | BV47: 7296.341 | BW47: 1901.553 | BX47: 4905.428 | BY47: 823.696 | BZ47: 128.2 | CA47: 75.745 | CB47: 36.695 | CC47: 226.926 | CD47: 0 | CE47: 0 | CF47: 0 | CG47: 0 | CH47: 0 | CI47: 0 | CJ47: 9845.24 | CK47: 0 | CL47: 0 | CM47: 0 | CN47: 0 | CO47: 7292.371 | CP47: 3.97 | CQ47: 0 | CR47: 0 | CS47: 0 | CT47: 1901.553 | CU47: 0 | CV47: 0 | CW47: 0 | CX47: 4905.428 | CY47: 0 | CZ47: 0 | DA47: 0 | DB47: 0 | DC47: 823.696 | DD47: 0 | DE47: 0 | DF47: 0 | DG47: 57.706 | DH47: 70.494 | DI47: 0 | DJ47: 0 | DK47: 0 | DL47: 75.745 | DM47: 0 | DN47: 0 | DO47: 0 | DP47: 0 | DQ47: 0 | DR47: 36.695 | DS47: 0 | DT47: 0 | DU47: 0 | DV47: 0 | DW47: 0 | DX47: 0 | DY47: 0 | DZ47: 105.935 | EA47: 120.991 | EB47: 0 | EC47: 0 | ED47: 0 | EE47: 0 | EF47: 0 | EG47: 0 | EH47: 0 | EI47: 0 | EJ47: =CI47/BU47 -> 0 | EK47: =CJ47/BU47 -> 1 | EL47: =CK47/BU47 -> 0 | EM47: =CL47/BU47 -> 0 | EN47: =CM47/BU47 -> 0 | EO47: =CN47/BU47 -> 0 | EP47: =CO47/BV47 -> 0.99945589 | EQ47: =CP47/BV47 -> 0.00054410834 | ER47: =CQ47/BV47 -> 0 | ES47: =CR47/BV47 -> 0 | ET47: =CS47/BV47 -> 0 | EU47: =CT47/BW47 -> 1 | EV47: =CU47/BW47 -> 0 | EW47: =CV47/BW47 -> 0 | EX47: =CW47/BW47 -> 0 | EY47: =CX47/BX47 -> 1 | EZ47: =CY47/BX47 -> 0 | FA47: =CZ47/BX47 -> 0 | FB47: =DA47/BX47 -> 0 | FC47: =DB47/BX47 -> 0 | FD47: =DC47/BY47 -> 1 | FE47: =DD47/BY47 -> 0 | FF47: =DE47/BY47 -> 0 | FG47: =DF47/BY47 -> 0 | FH47: =DG47/BZ47 -> 0.4501248 | FI47: =DH47/BZ47 -> 0.5498752 | FJ47: =DI47/BZ47 -> 0 | FK47: =DJ47/BZ47 -> 0 | FL47: =DK47/BZ47 -> 0 | FM47: =DL47/CA47 -> 1 | FN47: =DM47/CA47 -> 0 | FO47: =DN47/CA47 -> 0 | FP47: =DO47/CA47 -> 0 | FQ47: =DP47/CA47 -> 0 | FR47: =DQ47/CA47 -> 0 | FS47: =DR47/CB47 -> 1 | FT47: =DS47/CB47 -> 0 | FU47: =DT47/CB47 -> 0 | FV47: =DU47/CB47 -> 0 | FW47: =DV47/CB47 -> 0 | FX47: =DW47/CB47 -> 0 | FY47: =DX47/CB47 -> 0 | FZ47: =DY47/CB47 -> 0 | GA47: =DZ47/CC47 -> 0.46682619 | GB47: =EA47/CC47 -> 0.53317381 | GC47: =EB47/CC47 -> 0 | GD47: =EC47/CC47 -> 0 | GE47: =ED47/CC47 -> 0
A48: Chelmsford | B48: 66857.69 | C48: =B48-D48 -> 43431.529 | D48: 23426.161 | E48: 6158.54 | F48: 12922.74 | G48: 6117.524 | H48: 5414.7024 | I48: 11108.358 | J48: 1694.201 | K48: 15.463 | L48: 0 | M48: 0 | N48: 0 | O48: =EE48*E48 -> 0 | P48: =EF48*E48 -> 0 | Q48: =EG48*E48 -> 6158.54 | R48: =EH48*E48 -> 0 | S48: =EI48*E48 -> 0 | T48: =EJ48*F48 -> 0 | U48: =EK48*F48 -> 12922.74 | V48: =EL48*F48 -> 0 | W48: =EM48*F48 -> 0 | X48: =EN48*F48 -> 0 | Y48: =EO48*F48 -> 0 | Z48: =EP48*G48 -> 6117.524 | AA48: =EQ48*G48 -> 0 | AB48: =ER48*G48 -> 0 | AC48: =ES48*G48 -> 0 | AD48: =ET48*G48 -> 0 | AE48: =EU48*H48 -> 5414.7024 | AF48: =EV48*H48 -> 0 | AG48: =EW48*H48 -> 0 | AH48: =EX48*H48 -> 0 | AI48: =EY48*I48 -> 11108.358 | AJ48: =EZ48*I48 -> 0 | AK48: =FA48*I48 -> 0 | AL48: =FB48*I48 -> 0 | AM48: =FC48*I48 -> 0 | AN48: =FD48*J48 -> 1694.201 | AO48: =FE48*J48 -> 0 | AP48: =FF48*J48 -> 0 | AQ48: =FG48*J48 -> 0 | AR48: =FH48*K48 -> 15.463 | AS48: =FI48*K48 -> 0 | AT48: =FJ48*K48 -> 0 | AU48: =FK48*K48 -> 0 | AV48: =FL48*K48 -> 0 | AW48: =FM48*L48 -> 0 | AX48: =FN48*L48 -> 0 | AY48: =FO48*L48 -> 0 | AZ48: =FP48*L48 -> 0 | BA48: =FQ48*L48 -> 0 | BB48: =FR48*L48 -> 0 | BC48: =FS48*M48 -> 0 | BD48: =FT48*M48 -> 0 | BE48: =FU48*M48 -> 0 | BF48: =FV48*M48 -> 0 | BG48: =FW48*M48 -> 0 | BH48: =FX48*M48 -> 0 | BI48: =FY48*M48 -> 0 | BJ48: =FZ48*M48 -> 0 | BK48: =GA48*N48 -> 0 | BL48: =GB48*N48 -> 0 | BM48: =GC48*N48 -> 0 | BN48: =GD48*N48 -> 0 | BO48: =GE48*N48 -> 0 | BP48: Chelmsford | BQ48: 48290.906 | BR48: =BZ48+CX48+EC48+FA48+FU48+GS48+HM48+IK48+JM48+KW48 -> 4893.603 | BS48: 9387.651 | BT48: 6158.54 | BU48: 12922.74 | BV48: 10332.754 | BW48: 2377.82 | BX48: 4878.14 | BY48: 1728.332 | BZ48: 15.463 | CA48: 0 | CB48: 0 | CC48: 489.466 | CD48: 0 | CE48: 0 | CF48: 6158.54 | CG48: 0 | CH48: 0 | CI48: 0 | CJ48: 12922.74 | CK48: 0 | CL48: 0 | CM48: 0 | CN48: 0 | CO48: 10332.754 | CP48: 0 | CQ48: 0 | CR48: 0 | CS48: 0 | CT48: 2377.82 | CU48: 0 | CV48: 0 | CW48: 0 | CX48: 4878.14 | CY48: 0 | CZ48: 0 | DA48: 0 | DB48: 0 | DC48: 1728.332 | DD48: 0 | DE48: 0 | DF48: 0 | DG48: 15.463 | DH48: 0 | DI48: 0 | DJ48: 0 | DK48: 0 | DL48: 0 | DM48: 0 | DN48: 0 | DO48: 0 | DP48: 0 | DQ48: 0 | DR48: 0 | DS48: 0 | DT48: 0 | DU48: 0 | DV48: 0 | DW48: 0 | DX48: 0 | DY48: 0 | DZ48: 489.466 | EA48: 0 | EB48: 0 | EC48: 0 | ED48: 0 | EE48: =CD48/BT48 -> 0 | EF48: =CE48/BT48 -> 0 | EG48: =CF48/BT48 -> 1 | EH48: =CG48/BT48 -> 0 | EI48: =CH48/BT48 -> 0 | EJ48: =CI48/BU48 -> 0 | EK48: =CJ48/BU48 -> 1 | EL48: =CK48/BU48 -> 0 | EM48: =CL48/BU48 -> 0 | EN48: =CM48/BU48 -> 0 | EO48: =CN48/BU48 -> 0 | EP48: =CO48/BV48 -> 1 | EQ48: =CP48/BV48 -> 0 | ER48: =CQ48/BV48 -> 0 | ES48: =CR48/BV48 -> 0 | ET48: =CS48/BV48 -> 0 | EU48: =CT48/BW48 -> 1 | EV48: =CU48/BW48 -> 0 | EW48: =CV48/BW48 -> 0 | EX48: =CW48/BW48 -> 0 | EY48: =CX48/BX48 -> 1 | EZ48: =CY48/BX48 -> 0 | FA48: =CZ48/BX48 -> 0 | FB48: =DA48/BX48 -> 0 | FC48: =DB48/BX48 -> 0 | FD48: =DC48/BY48 -> 1 | FE48: =DD48/BY48 -> 0 | FF48: =DE48/BY48 -> 0 | FG48: =DF48/BY48 -> 0 | FH48: =DG48/BZ48 -> 1 | FI48: =DH48/BZ48 -> 0 | FJ48: =DI48/BZ48 -> 0 | FK48: =DJ48/BZ48 -> 0 | FL48: =DK48/BZ48 -> 0 | FM48: 0 | FN48: 0 | FO48: 0 | FP48: 0 | FQ48: 0 | FR48: 0 | FS48: 0 | FT48: 0 | FU48: 0 | FV48: 0 | FW48: 0 | FX48: 0 | FY48: 0 | FZ48: 0 | GA48: =DZ48/CC48 -> 1 | GB48: =EA48/CC48 -> 0 | GC48: =EB48/CC48 -> 0 | GD48: =EC48/CC48 -> 0 | GE48: =ED48/CC48 -> 0
A49: Cheltenham | B49: 42918.903 | C49: =B49-D49 -> 22597.637 | D49: 20321.266 | E49: 3444.22 | F49: 6712.98 | G49: 4995.5692 | H49: 1530.3783 | I49: 2967.8991 | J49: 961.92603 | K49: 578.43 | L49: 509.73 | M49: 0 | N49: 896.50471 | O49: =EE49*E49 -> 0 | P49: =EF49*E49 -> 0 | Q49: =EG49*E49 -> 3444.22 | R49: =EH49*E49 -> 0 | S49: =EI49*E49 -> 0 | T49: =EJ49*F49 -> 0 | U49: =EK49*F49 -> 6712.98 | V49: =EL49*F49 -> 0 | W49: =EM49*F49 -> 0 | X49: =EN49*F49 -> 0 | Y49: =EO49*F49 -> 0 | Z49: =EP49*G49 -> 4882.2012 | AA49: =EQ49*G49 -> 113.36801 | AB49: =ER49*G49 -> 0 | AC49: =ES49*G49 -> 0 | AD49: =ET49*G49 -> 0 | AE49: =EU49*H49 -> 1530.3783 | AF49: =EV49*H49 -> 0 | AG49: =EW49*H49 -> 0 | AH49: =EX49*H49 -> 0 | AI49: =EY49*I49 -> 2967.8991 | AJ49: =EZ49*I49 -> 0 | AK49: =FA49*I49 -> 0 | AL49: =FB49*I49 -> 0 | AM49: =FC49*I49 -> 0 | AN49: =FD49*J49 -> 961.92603 | AO49: =FE49*J49 -> 0 | AP49: =FF49*J49 -> 0 | AQ49: =FG49*J49 -> 0 | AR49: =FH49*K49 -> 321.72601 | AS49: =FI49*K49 -> 256.70399 | AT49: =FJ49*K49 -> 0 | AU49: =FK49*K49 -> 0 | AV49: =FL49*K49 -> 0 | AW49: =FM49*L49 -> 509.73 | AX49: =FN49*L49 -> 0 | AY49: =FO49*L49 -> 0 | AZ49: =FP49*L49 -> 0 | BA49: =FQ49*L49 -> 0 | BB49: =FR49*L49 -> 0 | BC49: =FS49*M49 -> 0 | BD49: =FT49*M49 -> 0 | BE49: =FU49*M49 -> 0 | BF49: =FV49*M49 -> 0 | BG49: =FW49*M49 -> 0 | BH49: =FX49*M49 -> 0 | BI49: =FY49*M49 -> 0 | BJ49: =FZ49*M49 -> 0 | BK49: =GA49*N49 -> 896.50471 | BL49: =GB49*N49 -> 0 | BM49: =GC49*N49 -> 0 | BN49: =GD49*N49 -> 0 | BO49: =GE49*N49 -> 0 | BP49: Cheltenham | BQ49: 38517.919 | BR49: =BZ49+CX49+EC49+FA49+FU49+GS49+HM49+IK49+JM49+KW49 -> 3907.225 | BS49: 2719.739 | BT49: 3444.22 | BU49: 6712.98 | BV49: 7619.776 | BW49: 4391.384 | BX49: 2922.679 | BY49: 7508.936 | BZ49: 984.546 | CA49: 971.93 | CB49: 1197.96 | CC49: 43.769 | CD49: 0 | CE49: 0 | CF49: 3444.22 | CG49: 0 | CH49: 0 | CI49: 0 | CJ49: 6712.98 | CK49: 0 | CL49: 0 | CM49: 0 | CN49: 0 | CO49: 7446.855 | CP49: 172.921 | CQ49: 0 | CR49: 0 | CS49: 0 | CT49: 4391.384 | CU49: 0 | CV49: 0 | CW49: 0 | CX49: 2922.679 | CY49: 0 | CZ49: 0 | DA49: 0 | DB49: 0 | DC49: 7508.936 | DD49: 0 | DE49: 0 | DF49: 0 | DG49: 547.61 | DH49: 436.936 | DI49: 0 | DJ49: 0 | DK49: 0 | DL49: 971.93 | DM49: 0 | DN49: 0 | DO49: 0 | DP49: 0 | DQ49: 0 | DR49: 1114.09 | DS49: 0 | DT49: 0 | DU49: 0 | DV49: 0 | DW49: 83.87 | DX49: 0 | DY49: 0 | DZ49: 43.769 | EA49: 0 | EB49: 0 | EC49: 0 | ED49: 0 | EE49: =CD49/BT49 -> 0 | EF49: =CE49/BT49 -> 0 | EG49: =CF49/BT49 -> 1 | EH49: =CG49/BT49 -> 0 | EI49: =CH49/BT49 -> 0 | EJ49: =CI49/BU49 -> 0 | EK49: =CJ49/BU49 -> 1 | EL49: =CK49/BU49 -> 0 | EM49: =CL49/BU49 -> 0 | EN49: =CM49/BU49 -> 0 | EO49: =CN49/BU49 -> 0 | EP49: =CO49/BV49 -> 0.97730629 | EQ49: =CP49/BV49 -> 0.022693712 | ER49: =CQ49/BV49 -> 0 | ES49: =CR49/BV49 -> 0 | ET49: =CS49/BV49 -> 0 | EU49: =CT49/BW49 -> 1 | EV49: =CU49/BW49 -> 0 | EW49: =CV49/BW49 -> 0 | EX49: =CW49/BW49 -> 0 | EY49: =CX49/BX49 -> 1 | EZ49: =CY49/BX49 -> 0 | FA49: =CZ49/BX49 -> 0 | FB49: =DA49/BX49 -> 0 | FC49: =DB49/BX49 -> 0 | FD49: =DC49/BY49 -> 1 | FE49: =DD49/BY49 -> 0 | FF49: =DE49/BY49 -> 0 | FG49: =DF49/BY49 -> 0 | FH49: =DG49/BZ49 -> 0.5562056 | FI49: =DH49/BZ49 -> 0.4437944 | FJ49: =DI49/BZ49 -> 0 | FK49: =DJ49/BZ49 -> 0 | FL49: =DK49/BZ49 -> 0 | FM49: =DL49/CA49 -> 1 | FN49: =DM49/CA49 -> 0 | FO49: =DN49/CA49 -> 0 | FP49: =DO49/CA49 -> 0 | FQ49: =DP49/CA49 -> 0 | FR49: =DQ49/CA49 -> 0 | FS49: =DR49/CB49 -> 0.92998932 | FT49: =DS49/CB49 -> 0 | FU49: =DT49/CB49 -> 0 | FV49: =DU49/CB49 -> 0 | FW49: =DV49/CB49 -> 0 | FX49: =DW49/CB49 -> 0.070010685 | FY49: =DX49/CB49 -> 0 | FZ49: =DY49/CB49 -> 0 | GA49: =DZ49/CC49 -> 1 | GB49: =EA49/CC49 -> 0 | GC49: =EB49/CC49 -> 0 | GD49: =EC49/CC49 -> 0 | GE49: =ED49/CC49 -> 0
A50: Cherwell | B50: 48182.16 | C50: =B50-D50 -> 33221.413 | D50: 14960.747 | E50: 4767.22 | F50: 12112.22 | G50: 8510.121 | H50: 1908.072 | I50: 4749.4291 | J50: 854.44084 | K50: 272.93 | L50: 46.98 | M50: 0 | N50: 0 | O50: =EE50*E50 -> 0 | P50: =EF50*E50 -> 0 | Q50: =EG50*E50 -> 4767.22 | R50: =EH50*E50 -> 0 | S50: =EI50*E50 -> 0 | T50: =EJ50*F50 -> 12112.22 | U50: =EK50*F50 -> 0 | V50: =EL50*F50 -> 0 | W50: =EM50*F50 -> 0 | X50: =EN50*F50 -> 0 | Y50: =EO50*F50 -> 0 | Z50: =EP50*G50 -> 8510.121 | AA50: =EQ50*G50 -> 0 | AB50: =ER50*G50 -> 0 | AC50: =ES50*G50 -> 0 | AD50: =ET50*G50 -> 0 | AE50: =EU50*H50 -> 1908.072 | AF50: =EV50*H50 -> 0 | AG50: =EW50*H50 -> 0 | AH50: =EX50*H50 -> 0 | AI50: =EY50*I50 -> 4749.4291 | AJ50: =EZ50*I50 -> 0 | AK50: =FA50*I50 -> 0 | AL50: =FB50*I50 -> 0 | AM50: =FC50*I50 -> 0 | AN50: =FD50*J50 -> 854.44084 | AO50: =FE50*J50 -> 0 | AP50: =FF50*J50 -> 0 | AQ50: =FG50*J50 -> 0 | AR50: =FH50*K50 -> 272.93 | AS50: =FI50*K50 -> 0 | AT50: =FJ50*K50 -> 0 | AU50: =FK50*K50 -> 0 | AV50: =FL50*K50 -> 0 | AW50: =FM50*L50 -> 46.98 | AX50: =FN50*L50 -> 0 | AY50: =FO50*L50 -> 0 | AZ50: =FP50*L50 -> 0 | BA50: =FQ50*L50 -> 0 | BB50: =FR50*L50 -> 0 | BC50: =FS50*M50 -> 0 | BD50: =FT50*M50 -> 0 | BE50: =FU50*M50 -> 0 | BF50: =FV50*M50 -> 0 | BG50: =FW50*M50 -> 0 | BH50: =FX50*M50 -> 0 | BI50: =FY50*M50 -> 0 | BJ50: =FZ50*M50 -> 0 | BK50: =GA50*N50 -> 0 | BL50: =GB50*N50 -> 0 | BM50: =GC50*N50 -> 0 | BN50: =GD50*N50 -> 0 | BO50: =GE50*N50 -> 0 | BP50: Cherwell | BQ50: 56194.24 | BR50: =BZ50+CX50+EC50+FA50+FU50+GS50+HM50+IK50+JM50+KW50 -> 14722.26 | BS50: 15588.97 | BT50: 4767.22 | BU50: 12112.54 | BV50: 6694.88 | BW50: 1552.44 | BX50: 14422.78 | BY50: 708.95 | BZ50: 299.48 | CA50: 46.98 | CB50: 0 | CC50: 0 | CD50: 0 | CE50: 0 | CF50: 4767.22 | CG50: 0 | CH50: 0 | CI50: 12112.54 | CJ50: 0 | CK50: 0 | CL50: 0 | CM50: 0 | CN50: 0 | CO50: 6694.88 | CP50: 0 | CQ50: 0 | CR50: 0 | CS50: 0 | CT50: 1552.44 | CU50: 0 | CV50: 0 | CW50: 0 | CX50: 14422.78 | CY50: 0 | CZ50: 0 | DA50: 0 | DB50: 0 | DC50: 708.95 | DD50: 0 | DE50: 0 | DF50: 0 | DG50: 299.48 | DH50: 0 | DI50: 0 | DJ50: 0 | DK50: 0 | DL50: 46.98 | DM50: 0 | DN50: 0 | DO50: 0 | DP50: 0 | DQ50: 0 | DR50: 0 | DS50: 0 | DT50: 0 | DU50: 0 | DV50: 0 | DW50: 0 | DX50: 0 | DY50: 0 | DZ50: 0 | EA50: 0 | EB50: 0 | EC50: 0 | ED50: 0 | EE50: =CD50/BT50 -> 0 | EF50: =CE50/BT50 -> 0 | EG50: =CF50/BT50 -> 1 | EH50: =CG50/BT50 -> 0 | EI50: =CH50/BT50 -> 0 | EJ50: =CI50/BU50 -> 1 | EK50: =CJ50/BU50 -> 0 | EL50: =CK50/BU50 -> 0 | EM50: =CL50/BU50 -> 0 | EN50: =CM50/BU50 -> 0 | EO50: =CN50/BU50 -> 0 | EP50: =CO50/BV50 -> 1 | EQ50: =CP50/BV50 -> 0 | ER50: =CQ50/BV50 -> 0 | ES50: =CR50/BV50 -> 0 | ET50: =CS50/BV50 -> 0 | EU50: =CT50/BW50 -> 1 | EV50: =CU50/BW50 -> 0 | EW50: =CV50/BW50 -> 0 | EX50: =CW50/BW50 -> 0 | EY50: =CX50/BX50 -> 1 | EZ50: =CY50/BX50 -> 0 | FA50: =CZ50/BX50 -> 0 | FB50: =DA50/BX50 -> 0 | FC50: =DB50/BX50 -> 0 | FD50: =DC50/BY50 -> 1 | FE50: =DD50/BY50 -> 0 | FF50: =DE50/BY50 -> 0 | FG50: =DF50/BY50 -> 0 | FH50: =DG50/BZ50 -> 1 | FI50: =DH50/BZ50 -> 0 | FJ50: =DI50/BZ50 -> 0 | FK50: =DJ50/BZ50 -> 0 | FL50: =DK50/BZ50 -> 0 | FM50: =DL50/CA50 -> 1 | FN50: =DM50/CA50 -> 0 | FO50: =DN50/CA50 -> 0 | FP50: =DO50/CA50 -> 0 | FQ50: =DP50/CA50 -> 0 | FR50: =DQ50/CA50 -> 0 | FS50: 0 | FT50: 0 | FU50: 0 | FV50: 0 | FW50: 0 | FX50: 0 | FY50: 0 | FZ50: 0 | GA50: 0 | GB50: 0 | GC50: 0 | GD50: 0 | GE50: 0
A51: Cheshire East | B51: 137710.38 | C51: =B51-D51 -> 94686.542 | D51: 43023.838 | E51: 0 | F51: 49456.78 | G51: 23367.26 | H51: 5163.8253 | I51: 11413.582 | J51: 5285.0946 | K51: 0 | L51: 0 | M51: 0 | N51: 0 | O51: =EE51*E51 -> 0 | P51: =EF51*E51 -> 0 | Q51: =EG51*E51 -> 0 | R51: =EH51*E51 -> 0 | S51: =EI51*E51 -> 0 | T51: =EJ51*F51 -> 45076.144 | U51: =EK51*F51 -> 4380.6359 | V51: =EL51*F51 -> 0 | W51: =EM51*F51 -> 0 | X51: =EN51*F51 -> 0 | Y51: =EO51*F51 -> 0 | Z51: =EP51*G51 -> 23367.26 | AA51: =EQ51*G51 -> 0 | AB51: =ER51*G51 -> 0 | AC51: =ES51*G51 -> 0 | AD51: =ET51*G51 -> 0 | AE51: =EU51*H51 -> 5163.8253 | AF51: =EV51*H51 -> 0 | AG51: =EW51*H51 -> 0 | AH51: =EX51*H51 -> 0 | AI51: =EY51*I51 -> 11413.582 | AJ51: =EZ51*I51 -> 0 | AK51: =FA51*I51 -> 0 | AL51: =FB51*I51 -> 0 | AM51: =FC51*I51 -> 0 | AN51: =FD51*J51 -> 5285.0946 | AO51: =FE51*J51 -> 0 | AP51: =FF51*J51 -> 0 | AQ51: =FG51*J51 -> 0 | AR51: =FH51*K51 -> 0 | AS51: =FI51*K51 -> 0 | AT51: =FJ51*K51 -> 0 | AU51: =FK51*K51 -> 0 | AV51: =FL51*K51 -> 0 | AW51: =FM51*L51 -> 0 | AX51: =FN51*L51 -> 0 | AY51: =FO51*L51 -> 0 | AZ51: =FP51*L51 -> 0 | BA51: =FQ51*L51 -> 0 | BB51: =FR51*L51 -> 0 | BC51: =FS51*M51 -> 0 | BD51: =FT51*M51 -> 0 | BE51: =FU51*M51 -> 0 | BF51: =FV51*M51 -> 0 | BG51: =FW51*M51 -> 0 | BH51: =FX51*M51 -> 0 | BI51: =FY51*M51 -> 0 | BJ51: =FZ51*M51 -> 0 | BK51: =GA51*N51 -> 0 | BL51: =GB51*N51 -> 0 | BM51: =GC51*N51 -> 0 | BN51: =GD51*N51 -> 0 | BO51: =GE51*N51 -> 0 | BP51: Cheshire East | BQ51: 354164.83 | BR51: =BZ51+CX51+EC51+FA51+FU51+GS51+HM51+IK51+JM51+KW51 -> 10118.2 | BS51: 227834.65 | BT51: 0 | BU51: 49798.57 | BV51: 31149.95 | BW51: 11144.03 | BX51: 9329.41 | BY51: 11306.67 | BZ51: 788.79 | CA51: 2539.81 | CB51: 9455.48 | CC51: 817.47 | CD51: 0 | CE51: 0 | CF51: 0 | CG51: 0 | CH51: 0 | CI51: 45387.66 | CJ51: 4410.91 | CK51: 0 | CL51: 0 | CM51: 0 | CN51: 0 | CO51: 31149.95 | CP51: 0 | CQ51: 0 | CR51: 0 | CS51: 0 | CT51: 11144.03 | CU51: 0 | CV51: 0 | CW51: 0 | CX51: 9329.41 | CY51: 0 | CZ51: 0 | DA51: 0 | DB51: 0 | DC51: 11306.67 | DD51: 0 | DE51: 0 | DF51: 0 | DG51: 788.79 | DH51: 0 | DI51: 0 | DJ51: 0 | DK51: 0 | DL51: 2539.81 | DM51: 0 | DN51: 0 | DO51: 0 | DP51: 0 | DQ51: 0 | DR51: 6106.88 | DS51: 0 | DT51: 0 | DU51: 0 | DV51: 0 | DW51: 3348.6 | DX51: 0 | DY51: 0 | DZ51: 0 | EA51: 817.47 | EB51: 0 | EC51: 0 | ED51: 0 | EE51: 0 | EF51: 0 | EG51: 0 | EH51: 0 | EI51: 0 | EJ51: =CI51/BU51 -> 0.91142497 | EK51: =CJ51/BU51 -> 0.088575033 | EL51: =CK51/BU51 -> 0 | EM51: =CL51/BU51 -> 0 | EN51: =CM51/BU51 -> 0 | EO51: =CN51/BU51 -> 0 | EP51: =CO51/BV51 -> 1 | EQ51: =CP51/BV51 -> 0 | ER51: =CQ51/BV51 -> 0 | ES51: =CR51/BV51 -> 0 | ET51: =CS51/BV51 -> 0 | EU51: =CT51/BW51 -> 1 | EV51: =CU51/BW51 -> 0 | EW51: =CV51/BW51 -> 0 | EX51: =CW51/BW51 -> 0 | EY51: =CX51/BX51 -> 1 | EZ51: =CY51/BX51 -> 0 | FA51: =CZ51/BX51 -> 0 | FB51: =DA51/BX51 -> 0 | FC51: =DB51/BX51 -> 0 | FD51: =DC51/BY51 -> 1 | FE51: =DD51/BY51 -> 0 | FF51: =DE51/BY51 -> 0 | FG51: =DF51/BY51 -> 0 | FH51: =DG51/BZ51 -> 1 | FI51: =DH51/BZ51 -> 0 | FJ51: =DI51/BZ51 -> 0 | FK51: =DJ51/BZ51 -> 0 | FL51: =DK51/BZ51 -> 0 | FM51: =DL51/CA51 -> 1 | FN51: =DM51/CA51 -> 0 | FO51: =DN51/CA51 -> 0 | FP51: =DO51/CA51 -> 0 | FQ51: =DP51/CA51 -> 0 | FR51: =DQ51/CA51 -> 0 | FS51: =DR51/CB51 -> 0.64585616 | FT51: =DS51/CB51 -> 0 | FU51: =DT51/CB51 -> 0 | FV51: =DU51/CB51 -> 0 | FW51: =DV51/CB51 -> 0 | FX51: =DW51/CB51 -> 0.35414384 | FY51: =DX51/CB51 -> 0 | FZ51: =DY51/CB51 -> 0 | GA51: =DZ51/CC51 -> 0 | GB51: =EA51/CC51 -> 1 | GC51: =EB51/CC51 -> 0 | GD51: =EC51/CC51 -> 0 | GE51: =ED51/CC51 -> 0
A52: Cheshire West and Chester | B52: 150164.98 | C52: =B52-D52 -> 78308.995 | D52: 71855.981 | E52: 9815.394 | F52: 29083.24 | G52: 13896.346 | H52: 6126.5874 | I52: 12710.362 | J52: 4594.6262 | K52: 570.246 | L52: 1512.193 | M52: 0 | N52: 0 | O52: =EE52*E52 -> 0 | P52: =EF52*E52 -> 0 | Q52: =EG52*E52 -> 9815.394 | R52: =EH52*E52 -> 0 | S52: =EI52*E52 -> 0 | T52: =EJ52*F52 -> 0 | U52: =EK52*F52 -> 29083.24 | V52: =EL52*F52 -> 0 | W52: =EM52*F52 -> 0 | X52: =EN52*F52 -> 0 | Y52: =EO52*F52 -> 0 | Z52: =EP52*G52 -> 13896.346 | AA52: =EQ52*G52 -> 0 | AB52: =ER52*G52 -> 0 | AC52: =ES52*G52 -> 0 | AD52: =ET52*G52 -> 0 | AE52: =EU52*H52 -> 6126.5874 | AF52: =EV52*H52 -> 0 | AG52: =EW52*H52 -> 0 | AH52: =EX52*H52 -> 0 | AI52: =EY52*I52 -> 12710.362 | AJ52: =EZ52*I52 -> 0 | AK52: =FA52*I52 -> 0 | AL52: =FB52*I52 -> 0 | AM52: =FC52*I52 -> 0 | AN52: =FD52*J52 -> 4594.6262 | AO52: =FE52*J52 -> 0 | AP52: =FF52*J52 -> 0 | AQ52: =FG52*J52 -> 0 | AR52: =FH52*K52 -> 255.086 | AS52: =FI52*K52 -> 315.16 | AT52: =FJ52*K52 -> 0 | AU52: =FK52*K52 -> 0 | AV52: =FL52*K52 -> 0 | AW52: =FM52*L52 -> 1512.193 | AX52: =FN52*L52 -> 0 | AY52: =FO52*L52 -> 0 | AZ52: =FP52*L52 -> 0 | BA52: =FQ52*L52 -> 0 | BB52: =FR52*L52 -> 0 | BC52: =FS52*M52 -> 0 | BD52: =FT52*M52 -> 0 | BE52: =FU52*M52 -> 0 | BF52: =FV52*M52 -> 0 | BG52: =FW52*M52 -> 0 | BH52: =FX52*M52 -> 0 | BI52: =FY52*M52 -> 0 | BJ52: =FZ52*M52 -> 0 | BK52: =GA52*N52 -> 0 | BL52: =GB52*N52 -> 0 | BM52: =GC52*N52 -> 0 | BN52: =GD52*N52 -> 0 | BO52: =GE52*N52 -> 0 | BP52: Cheshire West and Chester | BQ52: 378739.7 | BR52: =BZ52+CX52+EC52+FA52+FU52+GS52+HM52+IK52+JM52+KW52 -> 12028.879 | BS52: 258247.54 | BT52: 9815.394 | BU52: 29083.24 | BV52: 24956.063 | BW52: 9668.605 | BX52: 11458.633 | BY52: 18149.337 | BZ52: 570.246 | CA52: 8781.403 | CB52: 3995.05 | CC52: 4014.184 | CD52: 0 | CE52: 0 | CF52: 9815.394 | CG52: 0 | CH52: 0 | CI52: 0 | CJ52: 29083.24 | CK52: 0 | CL52: 0 | CM52: 0 | CN52: 0 | CO52: 24956.063 | CP52: 0 | CQ52: 0 | CR52: 0 | CS52: 0 | CT52: 9668.605 | CU52: 0 | CV52: 0 | CW52: 0 | CX52: 11458.633 | CY52: 0 | CZ52: 0 | DA52: 0 | DB52: 0 | DC52: 18149.337 | DD52: 0 | DE52: 0 | DF52: 0 | DG52: 255.086 | DH52: 315.16 | DI52: 0 | DJ52: 0 | DK52: 0 | DL52: 8781.403 | DM52: 0 | DN52: 0 | DO52: 0 | DP52: 0 | DQ52: 0 | DR52: 3995.05 | DS52: 0 | DT52: 0 | DU52: 0 | DV52: 0 | DW52: 0 | DX52: 0 | DY52: 0 | DZ52: 3850.364 | EA52: 163.82 | EB52: 0 | EC52: 0 | ED52: 0 | EE52: =CD52/BT52 -> 0 | EF52: =CE52/BT52 -> 0 | EG52: =CF52/BT52 -> 1 | EH52: =CG52/BT52 -> 0 | EI52: =CH52/BT52 -> 0 | EJ52: =CI52/BU52 -> 0 | EK52: =CJ52/BU52 -> 1 | EL52: =CK52/BU52 -> 0 | EM52: =CL52/BU52 -> 0 | EN52: =CM52/BU52 -> 0 | EO52: =CN52/BU52 -> 0 | EP52: =CO52/BV52 -> 1 | EQ52: =CP52/BV52 -> 0 | ER52: =CQ52/BV52 -> 0 | ES52: =CR52/BV52 -> 0 | ET52: =CS52/BV52 -> 0 | EU52: =CT52/BW52 -> 1 | EV52: =CU52/BW52 -> 0 | EW52: =CV52/BW52 -> 0 | EX52: =CW52/BW52 -> 0 | EY52: =CX52/BX52 -> 1 | EZ52: =CY52/BX52 -> 0 | FA52: =CZ52/BX52 -> 0 | FB52: =DA52/BX52 -> 0 | FC52: =DB52/BX52 -> 0 | FD52: =DC52/BY52 -> 1 | FE52: =DD52/BY52 -> 0 | FF52: =DE52/BY52 -> 0 | FG52: =DF52/BY52 -> 0 | FH52: =DG52/BZ52 -> 0.44732624 | FI52: =DH52/BZ52 -> 0.55267376 | FJ52: =DI52/BZ52 -> 0 | FK52: =DJ52/BZ52 -> 0 | FL52: =DK52/BZ52 -> 0 | FM52: =DL52/CA52 -> 1 | FN52: =DM52/CA52 -> 0 | FO52: =DN52/CA52 -> 0 | FP52: =DO52/CA52 -> 0 | FQ52: =DP52/CA52 -> 0 | FR52: =DQ52/CA52 -> 0 | FS52: =DR52/CB52 -> 1 | FT52: =DS52/CB52 -> 0 | FU52: =DT52/CB52 -> 0 | FV52: =DU52/CB52 -> 0 | FW52: =DV52/CB52 -> 0 | FX52: =DW52/CB52 -> 0 | FY52: =DX52/CB52 -> 0 | FZ52: =DY52/CB52 -> 0 | GA52: =DZ52/CC52 -> 0.95918971 | GB52: =EA52/CC52 -> 0.040810287 | GC52: =EB52/CC52 -> 0 | GD52: =EC52/CC52 -> 0 | GE52: =ED52/CC52 -> 0
A53: Chesterfield | B53: 31881.51 | C53: =B53-D53 -> 17119.195 | D53: 14762.315 | E53: 0 | F53: 8678.18 | G53: 4951.5045 | H53: 750.98156 | I53: 1938.78 | J53: 636.75005 | K53: 103.699 | L53: 59.3 | M53: 0 | N53: 0 | O53: =EE53*E53 -> 0 | P53: =EF53*E53 -> 0 | Q53: =EG53*E53 -> 0 | R53: =EH53*E53 -> 0 | S53: =EI53*E53 -> 0 | T53: =EJ53*F53 -> 8534.2475 | U53: =EK53*F53 -> 143.93254 | V53: =EL53*F53 -> 0 | W53: =EM53*F53 -> 0 | X53: =EN53*F53 -> 0 | Y53: =EO53*F53 -> 0 | Z53: =EP53*G53 -> 4951.5045 | AA53: =EQ53*G53 -> 0 | AB53: =ER53*G53 -> 0 | AC53: =ES53*G53 -> 0 | AD53: =ET53*G53 -> 0 | AE53: =EU53*H53 -> 750.98156 | AF53: =EV53*H53 -> 0 | AG53: =EW53*H53 -> 0 | AH53: =EX53*H53 -> 0 | AI53: =EY53*I53 -> 1938.78 | AJ53: =EZ53*I53 -> 0 | AK53: =FA53*I53 -> 0 | AL53: =FB53*I53 -> 0 | AM53: =FC53*I53 -> 0 | AN53: =FD53*J53 -> 636.75005 | AO53: =FE53*J53 -> 0 | AP53: =FF53*J53 -> 0 | AQ53: =FG53*J53 -> 0 | AR53: =FH53*K53 -> 14.384634 | AS53: =FI53*K53 -> 89.314366 | AT53: =FJ53*K53 -> 0 | AU53: =FK53*K53 -> 0 | AV53: =FL53*K53 -> 0 | AW53: =FM53*L53 -> 59.3 | AX53: =FN53*L53 -> 0 | AY53: =FO53*L53 -> 0 | AZ53: =FP53*L53 -> 0 | BA53: =FQ53*L53 -> 0 | BB53: =FR53*L53 -> 0 | BC53: =FS53*M53 -> 0 | BD53: =FT53*M53 -> 0 | BE53: =FU53*M53 -> 0 | BF53: =FV53*M53 -> 0 | BG53: =FW53*M53 -> 0 | BH53: =FX53*M53 -> 0 | BI53: =FY53*M53 -> 0 | BJ53: =FZ53*M53 -> 0 | BK53: =GA53*N53 -> 0 | BL53: =GB53*N53 -> 0 | BM53: =GC53*N53 -> 0 | BN53: =GD53*N53 -> 0 | BO53: =GE53*N53 -> 0 | BP53: Chesterfield | BQ53: 31782.247 | BR53: =BZ53+CX53+EC53+FA53+FU53+GS53+HM53+IK53+JM53+KW53 -> 2042.77 | BS53: 14730.751 | BT53: 0 | BU53: 8824.54 | BV53: 3876.932 | BW53: 1176.008 | BX53: 1938.78 | BY53: 757.199 | BZ53: 103.99 | CA53: 61.2 | CB53: 0 | CC53: 312.847 | CD53: 0 | CE53: 0 | CF53: 0 | CG53: 0 | CH53: 0 | CI53: 8678.18 | CJ53: 146.36 | CK53: 0 | CL53: 0 | CM53: 0 | CN53: 0 | CO53: 3876.932 | CP53: 0 | CQ53: 0 | CR53: 0 | CS53: 0 | CT53: 1176.008 | CU53: 0 | CV53: 0 | CW53: 0 | CX53: 1938.78 | CY53: 0 | CZ53: 0 | DA53: 0 | DB53: 0 | DC53: 757.199 | DD53: 0 | DE53: 0 | DF53: 0 | DG53: 14.425 | DH53: 89.565 | DI53: 0 | DJ53: 0 | DK53: 0 | DL53: 61.2 | DM53: 0 | DN53: 0 | DO53: 0 | DP53: 0 | DQ53: 0 | DR53: 0 | DS53: 0 | DT53: 0 | DU53: 0 | DV53: 0 | DW53: 0 | DX53: 0 | DY53: 0 | DZ53: 312.847 | EA53: 0 | EB53: 0 | EC53: 0 | ED53: 0 | EE53: 0 | EF53: 0 | EG53: 0 | EH53: 0 | EI53: 0 | EJ53: =CI53/BU53 -> 0.98341443 | EK53: =CJ53/BU53 -> 0.016585567 | EL53: =CK53/BU53 -> 0 | EM53: =CL53/BU53 -> 0 | EN53: =CM53/BU53 -> 0 | EO53: =CN53/BU53 -> 0 | EP53: =CO53/BV53 -> 1 | EQ53: =CP53/BV53 -> 0 | ER53: =CQ53/BV53 -> 0 | ES53: =CR53/BV53 -> 0 | ET53: =CS53/BV53 -> 0 | EU53: =CT53/BW53 -> 1 | EV53: =CU53/BW53 -> 0 | EW53: =CV53/BW53 -> 0 | EX53: =CW53/BW53 -> 0 | EY53: =CX53/BX53 -> 1 | EZ53: =CY53/BX53 -> 0 | FA53: =CZ53/BX53 -> 0 | FB53: =DA53/BX53 -> 0 | FC53: =DB53/BX53 -> 0 | FD53: =DC53/BY53 -> 1 | FE53: =DD53/BY53 -> 0 | FF53: =DE53/BY53 -> 0 | FG53: =DF53/BY53 -> 0 | FH53: =DG53/BZ53 -> 0.13871526 | FI53: =DH53/BZ53 -> 0.86128474 | FJ53: =DI53/BZ53 -> 0 | FK53: =DJ53/BZ53 -> 0 | FL53: =DK53/BZ53 -> 0 | FM53: =DL53/CA53 -> 1 | FN53: =DM53/CA53 -> 0 | FO53: =DN53/CA53 -> 0 | FP53: =DO53/CA53 -> 0 | FQ53: =DP53/CA53 -> 0 | FR53: =DQ53/CA53 -> 0 | FS53: 0 | FT53: 0 | FU53: 0 | FV53: 0 | FW53: 0 | FX53: 0 | FY53: 0 | FZ53: 0 | GA53: =DZ53/CC53 -> 1 | GB53: =EA53/CC53 -> 0 | GC53: =EB53/CC53 -> 0 | GD53: =EC53/CC53 -> 0 | GE53: =ED53/CC53 -> 0
A54: Chichester | B54: 32816.11 | C54: =B54-D54 -> 28908.754 | D54: 3907.356 | E54: 139.34 | F54: 8090.46 | G54: 8081.4508 | H54: 1290.7216 | I54: 5523.5978 | J54: 1048.6159 | K54: 67.81 | L54: 70.320053 | M54: 0 | N54: 4596.4377 | O54: =EE54*E54 -> 0 | P54: =EF54*E54 -> 0 | Q54: =EG54*E54 -> 139.34 | R54: =EH54*E54 -> 0 | S54: =EI54*E54 -> 0 | T54: =EJ54*F54 -> 0 | U54: =EK54*F54 -> 8090.46 | V54: =EL54*F54 -> 0 | W54: =EM54*F54 -> 0 | X54: =EN54*F54 -> 0 | Y54: =EO54*F54 -> 0 | Z54: =EP54*G54 -> 8081.4508 | AA54: =EQ54*G54 -> 0 | AB54: =ER54*G54 -> 0 | AC54: =ES54*G54 -> 0 | AD54: =ET54*G54 -> 0 | AE54: =EU54*H54 -> 1279.9993 | AF54: =EV54*H54 -> 0 | AG54: =EW54*H54 -> 0 | AH54: =EX54*H54 -> 10.722271 | AI54: =EY54*I54 -> 5523.5978 | AJ54: =EZ54*I54 -> 0 | AK54: =FA54*I54 -> 0 | AL54: =FB54*I54 -> 0 | AM54: =FC54*I54 -> 0 | AN54: =FD54*J54 -> 1048.6159 | AO54: =FE54*J54 -> 0 | AP54: =FF54*J54 -> 0 | AQ54: =FG54*J54 -> 0 | AR54: =FH54*K54 -> 67.81 | AS54: =FI54*K54 -> 0 | AT54: =FJ54*K54 -> 0 | AU54: =FK54*K54 -> 0 | AV54: =FL54*K54 -> 0 | AW54: =FM54*L54 -> 70.320053 | AX54: =FN54*L54 -> 0 | AY54: =FO54*L54 -> 0 | AZ54: =FP54*L54 -> 0 | BA54: =FQ54*L54 -> 0 | BB54: =FR54*L54 -> 0 | BC54: =FS54*M54 -> 0 | BD54: =FT54*M54 -> 0 | BE54: =FU54*M54 -> 0 | BF54: =FV54*M54 -> 0 | BG54: =FW54*M54 -> 0 | BH54: =FX54*M54 -> 0 | BI54: =FY54*M54 -> 0 | BJ54: =FZ54*M54 -> 0 | BK54: =GA54*N54 -> 4596.4377 | BL54: =GB54*N54 -> 0 | BM54: =GC54*N54 -> 0 | BN54: =GD54*N54 -> 0 | BO54: =GE54*N54 -> 0 | BP54: Chichester | BQ54: 53212 | BR54: =BZ54+CX54+EC54+FA54+FU54+GS54+HM54+IK54+JM54+KW54 -> 4405.92 | BS54: 17627.01 | BT54: 147.21 | BU54: 8126.82 | BV54: 20182.77 | BW54: 1141.18 | BX54: 4334.42 | BY54: 768.17 | BZ54: 71.5 | CA54: 124.21 | CB54: 0 | CC54: 688.71 | CD54: 0 | CE54: 0 | CF54: 147.21 | CG54: 0 | CH54: 0 | CI54: 0 | CJ54: 8126.82 | CK54: 0 | CL54: 0 | CM54: 0 | CN54: 0 | CO54: 20182.77 | CP54: 0 | CQ54: 0 | CR54: 0 | CS54: 0 | CT54: 1131.7 | CU54: 0 | CV54: 0 | CW54: 9.48 | CX54: 4334.42 | CY54: 0 | CZ54: 0 | DA54: 0 | DB54: 0 | DC54: 768.17 | DD54: 0 | DE54: 0 | DF54: 0 | DG54: 71.5 | DH54: 0 | DI54: 0 | DJ54: 0 | DK54: 0 | DL54: 124.21 | DM54: 0 | DN54: 0 | DO54: 0 | DP54: 0 | DQ54: 0 | DR54: 0 | DS54: 0 | DT54: 0 | DU54: 0 | DV54: 0 | DW54: 0 | DX54: 0 | DY54: 0 | DZ54: 688.71 | EA54: 0 | EB54: 0 | EC54: 0 | ED54: 0 | EE54: =CD54/BT54 -> 0 | EF54: 0 | EG54: =CF54/BT54 -> 1 | EH54: =CG54/BT54 -> 0 | EI54: =CH54/BT54 -> 0 | EJ54: =CI54/BU54 -> 0 | EK54: =CJ54/BU54 -> 1 | EL54: =CK54/BU54 -> 0 | EM54: =CL54/BU54 -> 0 | EN54: =CM54/BU54 -> 0 | EO54: =CN54/BU54 -> 0 | EP54: =CO54/BV54 -> 1 | EQ54: =CP54/BV54 -> 0 | ER54: =CQ54/BV54 -> 0 | ES54: =CR54/BV54 -> 0 | ET54: =CS54/BV54 -> 0 | EU54: =CT54/BW54 -> 0.99169281 | EV54: =CU54/BW54 -> 0 | EW54: =CV54/BW54 -> 0 | EX54: =CW54/BW54 -> 0.0083071908 | EY54: =CX54/BX54 -> 1 | EZ54: =CY54/BX54 -> 0 | FA54: =CZ54/BX54 -> 0 | FB54: =DA54/BX54 -> 0 | FC54: =DB54/BX54 -> 0 | FD54: =DC54/BY54 -> 1 | FE54: =DD54/BY54 -> 0 | FF54: =DE54/BY54 -> 0 | FG54: =DF54/BY54 -> 0 | FH54: =DG54/BZ54 -> 1 | FI54: =DH54/BZ54 -> 0 | FJ54: =DI54/BZ54 -> 0 | FK54: =DJ54/BZ54 -> 0 | FL54: =DK54/BZ54 -> 0 | FM54: =DL54/CA54 -> 1 | FN54: =DM54/CA54 -> 0 | FO54: =DN54/CA54 -> 0 | FP54: =DO54/CA54 -> 0 | FQ54: =DP54/CA54 -> 0 | FR54: =DQ54/CA54 -> 0 | FS54: 0 | FT54: 0 | FU54: 0 | FV54: 0 | FW54: 0 | FX54: 0 | FY54: 0 | FZ54: 0 | GA54: =DZ54/CC54 -> 1 | GB54: =EA54/CC54 -> 0 | GC54: =EB54/CC54 -> 0 | GD54: =EC54/CC54 -> 0 | GE54: =ED54/CC54 -> 0
A55: Chorley | B55: 36148.7 | C55: =B55-D55 -> 25033.578 | D55: 11115.122 | E55: 0 | F55: 7076.22 | G55: 3806 | H55: 1314.5025 | I55: 5435.4086 | J55: 1201.3865 | K55: 17.37 | L55: 37.02 | M55: 0 | N55: 6145.6708 | O55: =EE55*E55 -> 0 | P55: =EF55*E55 -> 0 | Q55: =EG55*E55 -> 0 | R55: =EH55*E55 -> 0 | S55: =EI55*E55 -> 0 | T55: =EJ55*F55 -> 7076.22 | U55: =EK55*F55 -> 0 | V55: =EL55*F55 -> 0 | W55: =EM55*F55 -> 0 | X55: =EN55*F55 -> 0 | Y55: =EO55*F55 -> 0 | Z55: =EP55*G55 -> 3806 | AA55: =EQ55*G55 -> 0 | AB55: =ER55*G55 -> 0 | AC55: =ES55*G55 -> 0 | AD55: =ET55*G55 -> 0 | AE55: =EU55*H55 -> 1314.5025 | AF55: =EV55*H55 -> 0 | AG55: =EW55*H55 -> 0 | AH55: =EX55*H55 -> 0 | AI55: =EY55*I55 -> 5435.4086 | AJ55: =EZ55*I55 -> 0 | AK55: =FA55*I55 -> 0 | AL55: =FB55*I55 -> 0 | AM55: =FC55*I55 -> 0 | AN55: =FD55*J55 -> 1201.3865 | AO55: =FE55*J55 -> 0 | AP55: =FF55*J55 -> 0 | AQ55: =FG55*J55 -> 0 | AR55: =FH55*K55 -> 0 | AS55: =FI55*K55 -> 17.37 | AT55: =FJ55*K55 -> 0 | AU55: =FK55*K55 -> 0 | AV55: =FL55*K55 -> 0 | AW55: =FM55*L55 -> 37.02 | AX55: =FN55*L55 -> 0 | AY55: =FO55*L55 -> 0 | AZ55: =FP55*L55 -> 0 | BA55: =FQ55*L55 -> 0 | BB55: =FR55*L55 -> 0 | BC55: =FS55*M55 -> 0 | BD55: =FT55*M55 -> 0 | BE55: =FU55*M55 -> 0 | BF55: =FV55*M55 -> 0 | BG55: =FW55*M55 -> 0 | BH55: =FX55*M55 -> 0 | BI55: =FY55*M55 -> 0 | BJ55: =FZ55*M55 -> 0 | BK55: =GA55*N55 -> 6145.6708 | BL55: =GB55*N55 -> 0 | BM55: =GC55*N55 -> 0 | BN55: =GD55*N55 -> 0 | BO55: =GE55*N55 -> 0 | BP55: Chorley | BQ55: 41431.23 | BR55: =BZ55+CX55+EC55+FA55+FU55+GS55+HM55+IK55+JM55+KW55 -> 4698.11 | BS55: 22718.91 | BT55: 0 | BU55: 7076.22 | BV55: 3806 | BW55: 1041.82 | BX55: 4679.71 | BY55: 1472.62 | BZ55: 18.4 | CA55: 37.02 | CB55: 0 | CC55: 580.53 | CD55: 0 | CE55: 0 | CF55: 0 | CG55: 0 | CH55: 0 | CI55: 7076.22 | CJ55: 0 | CK55: 0 | CL55: 0 | CM55: 0 | CN55: 0 | CO55: 3806 | CP55: 0 | CQ55: 0 | CR55: 0 | CS55: 0 | CT55: 1041.82 | CU55: 0 | CV55: 0 | CW55: 0 | CX55: 4679.71 | CY55: 0 | CZ55: 0 | DA55: 0 | DB55: 0 | DC55: 1472.62 | DD55: 0 | DE55: 0 | DF55: 0 | DG55: 0 | DH55: 18.4 | DI55: 0 | DJ55: 0 | DK55: 0 | DL55: 37.02 | DM55: 0 | DN55: 0 | DO55: 0 | DP55: 0 | DQ55: 0 | DR55: 0 | DS55: 0 | DT55: 0 | DU55: 0 | DV55: 0 | DW55: 0 | DX55: 0 | DY55: 0 | DZ55: 580.53 | EA55: 0 | EB55: 0 | EC55: 0 | ED55: 0 | EE55: 0 | EF55: 0 | EG55: 0 | EH55: 0 | EI55: 0 | EJ55: =CI55/BU55 -> 1 | EK55: =CJ55/BU55 -> 0 | EL55: =CK55/BU55 -> 0 | EM55: =CL55/BU55 -> 0 | EN55: =CM55/BU55 -> 0 | EO55: =CN55/BU55 -> 0 | EP55: =CO55/BV55 -> 1 | EQ55: =CP55/BV55 -> 0 | ER55: =CQ55/BV55 -> 0 | ES55: =CR55/BV55 -> 0 | ET55: =CS55/BV55 -> 0 | EU55: =CT55/BW55 -> 1 | EV55: =CU55/BW55 -> 0 | EW55: =CV55/BW55 -> 0 | EX55: =CW55/BW55 -> 0 | EY55: =CX55/BX55 -> 1 | EZ55: =CY55/BX55 -> 0 | FA55: =CZ55/BX55 -> 0 | FB55: =DA55/BX55 -> 0 | FC55: =DB55/BX55 -> 0 | FD55: =DC55/BY55 -> 1 | FE55: =DD55/BY55 -> 0 | FF55: =DE55/BY55 -> 0 | FG55: =DF55/BY55 -> 0 | FH55: =DG55/BZ55 -> 0 | FI55: =DH55/BZ55 -> 1 | FJ55: =DI55/BZ55 -> 0 | FK55: =DJ55/BZ55 -> 0 | FL55: =DK55/BZ55 -> 0 | FM55: =DL55/CA55 -> 1 | FN55: =DM55/CA55 -> 0 | FO55: =DN55/CA55 -> 0 | FP55: =DO55/CA55 -> 0 | FQ55: =DP55/CA55 -> 0 | FR55: =DQ55/CA55 -> 0 | FS55: 0 | FT55: 0 | FU55: 0 | FV55: 0 | FW55: 0 | FX55: 0 | FY55: 0 | FZ55: 0 | GA55: =DZ55/CC55 -> 1 | GB55: =EA55/CC55 -> 0 | GC55: =EB55/CC55 -> 0 | GD55: =EC55/CC55 -> 0 | GE55: =ED55/CC55 -> 0
A56: City of London | B56: 2574.206 | C56: =B56-D56 -> 1535.4332 | D56: 1038.7728 | E56: 143.22 | F56: 4.1 | G56: 666.65763 | H56: 122.91492 | I56: 167.16889 | J56: 46.099149 | K56: 25.56 | L56: 17.97 | M56: 0 | N56: 341.74258 | O56: =EE56*E56 -> 143.22 | P56: =EF56*E56 -> 0 | Q56: =EG56*E56 -> 0 | R56: =EH56*E56 -> 0 | S56: =EI56*E56 -> 0 | T56: =EJ56*F56 -> 4.0583289 | U56: =EK56*F56 -> 0.041671067 | V56: =EL56*F56 -> 0 | W56: =EM56*F56 -> 0 | X56: =EN56*F56 -> 0 | Y56: =EO56*F56 -> 0 | Z56: =EP56*G56 -> 666.65763 | AA56: =EQ56*G56 -> 0 | AB56: =ER56*G56 -> 0 | AC56: =ES56*G56 -> 0 | AD56: =ET56*G56 -> 0 | AE56: =EU56*H56 -> 122.91492 | AF56: =EV56*H56 -> 0 | AG56: =EW56*H56 -> 0 | AH56: =EX56*H56 -> 0 | AI56: =EY56*I56 -> 167.16889 | AJ56: =EZ56*I56 -> 0 | AK56: =FA56*I56 -> 0 | AL56: =FB56*I56 -> 0 | AM56: =FC56*I56 -> 0 | AN56: =FD56*J56 -> 46.099149 | AO56: =FE56*J56 -> 0 | AP56: =FF56*J56 -> 0 | AQ56: =FG56*J56 -> 0 | AR56: =FH56*K56 -> 25.56 | AS56: =FI56*K56 -> 0 | AT56: =FJ56*K56 -> 0 | AU56: =FK56*K56 -> 0 | AV56: =FL56*K56 -> 0 | AW56: =FM56*L56 -> 17.97 | AX56: =FN56*L56 -> 0 | AY56: =FO56*L56 -> 0 | AZ56: =FP56*L56 -> 0 | BA56: =FQ56*L56 -> 0 | BB56: =FR56*L56 -> 0 | BC56: =FS56*M56 -> 0 | BD56: =FT56*M56 -> 0 | BE56: =FU56*M56 -> 0 | BF56: =FV56*M56 -> 0 | BG56: =FW56*M56 -> 0 | BH56: =FX56*M56 -> 0 | BI56: =FY56*M56 -> 0 | BJ56: =FZ56*M56 -> 0 | BK56: =GA56*N56 -> 0 | BL56: =GB56*N56 -> 0 | BM56: =GC56*N56 -> 0 | BN56: =GD56*N56 -> 0 | BO56: =GE56*N56 -> 0 | BP56: City of London | BQ56: 10495.825 | BR56: =BZ56+CX56+EC56+FA56+FU56+GS56+HM56+IK56+JM56+KW56 -> 156.45 | BS56: 8166.59 | BT56: 143.22 | BU56: 75.76 | BV56: 1648.91 | BW56: 138.76 | BX56: 130.89 | BY56: 130.195 | BZ56: 25.56 | CA56: 35.94 | CB56: 0 | CC56: 0 | CD56: 143.22 | CE56: 0 | CF56: 0 | CG56: 0 | CH56: 0 | CI56: 74.99 | CJ56: 0.77 | CK56: 0 | CL56: 0 | CM56: 0 | CN56: 0 | CO56: 1648.91 | CP56: 0 | CQ56: 0 | CR56: 0 | CS56: 0 | CT56: 138.76 | CU56: 0 | CV56: 0 | CW56: 0 | CX56: 130.89 | CY56: 0 | CZ56: 0 | DA56: 0 | DB56: 0 | DC56: 130.195 | DD56: 0 | DE56: 0 | DF56: 0 | DG56: 25.56 | DH56: 0 | DI56: 0 | DJ56: 0 | DK56: 0 | DL56: 35.94 | DM56: 0 | DN56: 0 | DO56: 0 | DP56: 0 | DQ56: 0 | DR56: 0 | DS56: 0 | DT56: 0 | DU56: 0 | DV56: 0 | DW56: 0 | DX56: 0 | DY56: 0 | DZ56: 0 | EA56: 0 | EB56: 0 | EC56: 0 | ED56: 0 | EE56: =CD56/BT56 -> 1 | EF56: =CE56/BT56 -> 0 | EG56: =CF56/BT56 -> 0 | EH56: =CG56/BT56 -> 0 | EI56: =CH56/BT56 -> 0 | EJ56: =CI56/BU56 -> 0.98983633 | EK56: =CJ56/BU56 -> 0.010163675 | EL56: =CK56/BU56 -> 0 | EM56: =CL56/BU56 -> 0 | EN56: =CM56/BU56 -> 0 | EO56: =CN56/BU56 -> 0 | EP56: =CO56/BV56 -> 1 | EQ56: =CP56/BV56 -> 0 | ER56: =CQ56/BV56 -> 0 | ES56: =CR56/BV56 -> 0 | ET56: =CS56/BV56 -> 0 | EU56: =CT56/BW56 -> 1 | EV56: =CU56/BW56 -> 0 | EW56: =CV56/BW56 -> 0 | EX56: =CW56/BW56 -> 0 | EY56: =CX56/BX56 -> 1 | EZ56: =CY56/BX56 -> 0 | FA56: =CZ56/BX56 -> 0 | FB56: =DA56/BX56 -> 0 | FC56: =DB56/BX56 -> 0 | FD56: =DC56/BY56 -> 1 | FE56: =DD56/BY56 -> 0 | FF56: =DE56/BY56 -> 0 | FG56: =DF56/BY56 -> 0 | FH56: =DG56/BZ56 -> 1 | FI56: =DH56/BZ56 -> 0 | FJ56: =DI56/BZ56 -> 0 | FK56: =DJ56/BZ56 -> 0 | FL56: =DK56/BZ56 -> 0 | FM56: =DL56/CA56 -> 1 | FN56: =DM56/CA56 -> 0 | FO56: =DN56/CA56 -> 0 | FP56: =DO56/CA56 -> 0 | FQ56: =DP56/CA56 -> 0 | FR56: =DQ56/CA56 -> 0 | FS56: 0 | FT56: 0 | FU56: 0 | FV56: 0 | FW56: 0 | FX56: 0 | FY56: 0 | FZ56: 0 | GA56: 0 | GB56: 0 | GC56: 0 | GD56: 0 | GE56: 0
